vidID,Clip#,Coder initials,Clip size,Enough body?,analized?,Person#,emotion,Passive Weight,Arms-to-upper-body ,Sink,Head-drop ,Jump,Rhythmicity,Spread,Free Flow,Light Weight,Up or Rise,Rotation,,,,
003/_7oWZq_s_Sk.mp4/0014_0149_0003_Person0.mp4,0014_0149_0003,LCS,0.493,1,1,0,sad,1,0,1,1,0,0,0,1,0,0,0,,,,
003/_7oWZq_s_Sk.mp4/0258_0134_0007_Person1.mp4,0258_0134_0007,,1.010,1,1,1,happy,0,0,0,0,0,2,0,0,1,2,0,,,,
003/_7oWZq_s_Sk.mp4/0523_0199_0004_Person1.mp4,0523_0199_0004,,1.020,1,1,1,neutral,0,0,0,1,0,1,0,0,0,1,0,,,,
003/_7oWZq_s_Sk.mp4/0616_0254_0001_Person0.mp4,0616_0254_0001,,0.741,1,1,0,sad,1,0,1,1,0,0,0,0,0,0,0,,,,
003/053oq2xB3oU.mp4/0062_0241_0001_Person0.mp4,0062_0241_0001,,0.980,1,1,0,sad,1,0,1,3,0,1,0,0,0,0,0,,,,
003/053oq2xB3oU.mp4/0175_0237_0002_Person1.mp4,0175_0237_0002,,1.110,,,1,,,,,,,,,,,,,,,,
003/2PpxiG0WU18.mp4/0095_0186_0002_Person1.mp4,0095_0186_0002,,0.450,0,0,1,,,,,,,,,,,,,,,,
003/2PpxiG0WU18.mp4/0115_0232_0002_Person0.mp4,0115_0232_0002,,0.753,1,1,0,sad,2,0,0,0,0,1,0,0,0,0,0,,,,
003/2PpxiG0WU18.mp4/0117_0252_0002_Person0.mp4,0117_0252_0002,,0.838,1,1,0,sad,0,0,1,1,0,2,0,0,0,0,0,,,,
003/2PpxiG0WU18.mp4/0239_0201_0001_Person0.mp4,0239_0201_0001,,0.427,1,1,0,sad,1,0,1,1,0,0,0,0,0,1,0,,,,
003/2qQs3Y9OJX0.mp4/0117_0218_0002_Person1.mp4,0117_0218_0002,,0.852,1,1,1,sad,0,0,1,1,0,1,0,0,0,1,0,,,,
003/2qQs3Y9OJX0.mp4/0257_0129_0001_Person0.mp4,0257_0129_0001,,0.488,1,1,0,sad,0,0,2,1,0,0,0,0,0,0,0,,,,
003/2qQs3Y9OJX0.mp4/0543_0207_0001_Person0.mp4,0543_0207_0001,,1.820,1,1,0,sad,0,0,2,2,0,0,0,0,0,1,0,,,,
003/2qQs3Y9OJX0.mp4/0581_0250_0002_Person1.mp4,0581_0250_0002,,1.740,,,1,,,,,,,,,,,,,,,,
003/32HR3MnDZ8g.mp4/0132_0152_0002_Person1.mp4,0132_0152_0002,,0.614,1,1,1,sad,0,0,0,1,0,1,0,0,0,0,0,,,,
003/32HR3MnDZ8g.mp4/0415_0147_0001_Person0.mp4,0415_0147_0001,,0.537,1,1,0,sad,0,0,0,1,0,1,0,0,0,0,0,,,,
003/32HR3MnDZ8g.mp4/0471_0177_0002_Person1.mp4,0471_0177_0002,,0.919,1,1,0,sad,0,0,0,1,0,0,0,0,0,0,0,,,,
003/32HR3MnDZ8g.mp4/0565_0121_0003_Person0.mp4,0565_0121_0003,,0.489,1,1,0,sad,1,0,0,0,0,0,0,0,0,0,0,,,,
003/4ZpjKfu6Cl8.mp4/0096_0121_0001_Person0.mp4,0096_0121_0001,,0.717,1,1,0,sad,0,0,1,2,0,0,0,0,0,0,0,,,,
003/4ZpjKfu6Cl8.mp4/0138_0161_0001_Person0.mp4,0138_0161_0001,,1.780,1,1,0,sad,2,2,1,3,0,0,0,0,0,0,0,,,,
003/4ZpjKfu6Cl8.mp4/0188_0183_0001_Person0.mp4,0188_0183_0001,,1.620,1,1,0,sad,1,0,1,1,0,1,0,0,0,0,0,,,,
003/4ZpjKfu6Cl8.mp4/0309_0115_0001_Person0.mp4,0309_0115_0001,,1.440,1,1,0,sad,0,0,2,2,0,0,0,0,0,1,0,,,,
003/4ZpjKfu6Cl8.mp4/0689_0160_0001_Person0.mp4,0689_0160_0001,,2.340,1,1,0,sad,1,0,1,1,0,0,0,0,0,1,0,,,,
003/4ZpjKfu6Cl8.mp4/0706_0253_0001_Person0.mp4,0706_0253_0001,,4.310,,,0,,,,,,,,,,,,,,,,
003/5milLu-6bWI.mp4/0015_0147_0003_Person1.mp4,0015_0147_0003,,0.818,1,1,1,other,0,0,0,0,0,2,0,0,0,2,0,,,,
003/5milLu-6bWI.mp4/0032_0114_0002_Person0.mp4,0032_0114_0002,,0.486,1,1,0,sad,0,0,0,0,0,1,0,0,0,1,0,,,,
003/5milLu-6bWI.mp4/0114_0160_0002_Person0.mp4,0114_0160_0002,,0.637,1,0,0,,,,,,,,,,,,,no movement,,,
003/5milLu-6bWI.mp4/0192_0161_0002_Person0.mp4,0192_0161_0002,,0.657,1,1,0,sad,0,0,0,0,0,1,0,0,0,0,0,,,,
003/5milLu-6bWI.mp4/0213_0170_0001_Person0.mp4,0213_0170_0001,,1.140,1,1,0,sad,0,2,2,2,0,1,0,0,0,1,0,,,,
003/5milLu-6bWI.mp4/0258_0116_0001_Person0.mp4,0258_0116_0001,,0.522,1,0,0,,,,,,,,,,,,,no movement,,,
003/5milLu-6bWI.mp4/0401_0158_0001_Person0.mp4,0401_0158_0001,,0.685,1,1,0,happy,0,0,0,0,0,2,0,1,2,1,0,,,,
003/5milLu-6bWI.mp4/0436_0254_0003_Person2.mp4,0436_0254_0003,,0.735,1,1,2,happy,0,0,0,0,0,2,0,0,2,1,0,,,,
003/5YPjcdLbs5g.mp4/0129_0139_0001_Person0.mp4,0129_0139_0001,,1.110,1,1,0,sad,1,0,1,2,0,0,0,0,0,0,0,,,,
003/5YPjcdLbs5g.mp4/0314_0159_0001_Person0.mp4,0314_0159_0001,,1.310,1,1,0,sad,0,0,2,0,0,0,0,0,0,0,0,,,,
003/5YPjcdLbs5g.mp4/0316_0108_0001_Person0.mp4,0316_0108_0001,,0.855,1,1,0,sad,0,0,1,0,0,1,0,0,0,0,0,,,,
003/5YPjcdLbs5g.mp4/0355_0219_0001_Person0.mp4,0355_0219_0001_,,2.310,1,1,0,sad,1,0,0,1,0,0,0,0,0,0,0,,,,
003/5YPjcdLbs5g.mp4/0423_0183_0001_Person0.mp4,0423_0183_0001,,1.700,1,1,0,sad,0,1,2,1,0,0,0,0,0,1,0,,,,
003/5YPjcdLbs5g.mp4/0529_0132_0002_Person0.mp4,0529_0132_0002,,1.350,1,1,0,sad,3,4,1,1,0,0,0,0,0,0,0,,,,
003/5YPjcdLbs5g.mp4/0529_0132_0002_Person1.mp4,0529_0132_0002,,1.350,1,1,1,sad,0,0,2,2,0,0,0,0,0,0,0,,,,
003/5YPjcdLbs5g.mp4/0630_0104_0001_Person0.mp4,0630_0104_0001,,1.160,1,1,0,sad,1,0,1,1,0,0,0,0,0,1,0,,,,
003/5YPjcdLbs5g.mp4/0752_0177_0001_Person0.mp4,0752_0177_0001,,0.965,1,0,0,,,,,,,,,,,,,bonding box moved,,,
003/7YpF6DntOYw.mp4/0019_0272_0002_Person1.mp4,0019_0272_0002,,5.200,,,1,,,,,,,,,,,,,,,,
003/7YpF6DntOYw.mp4/0039_0165_0002_Person0.mp4,0039_0165_0002,,2.820,1,1,0,other,0,0,1,1,0,0,1,2,0,1,0,,,,
003/7YpF6DntOYw.mp4/0039_0165_0002_Person1.mp4,0039_0165_0002,,2.820,1,1,1,happy,0,0,0,0,0,0,1,1,0,1,0,,,,
003/7YpF6DntOYw.mp4/0062_0114_0001_Person0.mp4,0062_0114_0001,,2.630,1,1,0,sad,1,0,1,1,0,1,0,0,0,1,0,,,,
003/7YpF6DntOYw.mp4/0200_0156_0001_Person0.mp4,0200_0156_0001,,1.470,1,1,0,sad,2,1,2,2,0,0,0,0,0,0,0,,,,
003/8VZEwOCQ8bc.mp4/0536_0212_0001_Person0.mp4,0536_0212_0001,,0.661,1,1,0,sad,1,0,1,1,0,0,0,0,0,0,0,,,,
003/8VZEwOCQ8bc.mp4/0592_0138_0002_Person0.mp4,0592_0138_0002,,0.375,1,1,0,sad,1,0,2,1,0,0,0,0,0,1,0,,,,
003/9bK05eBt1GM.mp4/0048_0231_0002_Person0.mp4,0048_0231_0002,,1.780,,,0,,,,,,,,,,,,,,,,
003/9bK05eBt1GM.mp4/0048_0231_0002_Person1.mp4,0048_0231_0002,,1.780,,,1,,,,,,,,,,,,,,,,
003/9bK05eBt1GM.mp4/0050_0282_0002_Person1.mp4,0050_0282_0002,,1.990,,,1,,,,,,,,,,,,,,,,
003/9bK05eBt1GM.mp4/0162_0109_0002_Person0.mp4,162_0109_0002,,0.637,1,1,0,sad,1,0,1,1,0,1,0,1,0,0,0,,,,
003/9bK05eBt1GM.mp4/0162_0109_0002_Person1.mp4,0162_0109_0002,,0.637,1,1,1,sad,0,0,0,0,0,0,0,0,1,0,1,,,,
003/9bK05eBt1GM.mp4/0178_0132_0002_Person0.mp4,0178_0132_0002,,1.000,1,1,0,sad,1,0,1,1,0,1,0,1,0,0,0,same person as 162_0109_0002,,,
003/9bK05eBt1GM.mp4/0180_0121_0002_Person0.mp4,0180_0121_0002,,0.774,1,1,0,sad,1,0,1,1,0,1,0,1,0,0,0,same person as 162_0109_0002,,,
003/9bK05eBt1GM.mp4/0344_0159_0002_Person0.mp4,0344_0159_0002,,0.391,1,1,0,sad,2,0,1,1,0,0,0,0,0,0,0,,,,
003/9bK05eBt1GM.mp4/0347_0153_0002_Person0.mp4,0347_0153_0002,,0.324,1,1,0,sad,2,0,1,1,0,0,0,0,0,0,0,same person as 0344_0159_0002,,,
003/9bK05eBt1GM.mp4/0347_0153_0002_Person1.mp4,0347_0153_0002,,0.324,1,0,1,,,,,,,,,,,,,no movement,,,
003/9bK05eBt1GM.mp4/0476_0236_0002_Person0.mp4,0476_0236_0002,,1.020,,,0,,,,,,,,,,,,,,,,
003/9bK05eBt1GM.mp4/0516_0244_0002_Person0.mp4,0516_0244_0002,,0.587,1,1,0,sad,1,0,1,0,0,0,0,0,0,0,0,,,,
003/9bK05eBt1GM.mp4/0566_0190_0003_Person1.mp4,0566_0190_0003,,0.743,1,1,1,sad,1,1,0,0,0,1,0,1,1,1,0,,,,
003/9bK05eBt1GM.mp4/0793_0126_0002_Person0.mp4,0793_0126_0002,,0.699,1,1,0,sad,0,0,1,0,0,1,0,0,0,0,0,,,,
003/9bK05eBt1GM.mp4/0793_0126_0002_Person1.mp4,0793_0126_0002,,0.699,1,0,1,,,,,,,,,,,,,no movement,,,
003/9bK05eBt1GM.mp4/0795_0166_0002_Person0.mp4,0795_0166_0002,,1.000,1,1,0,sad,0,0,1,0,0,1,0,0,0,0,0,same pserson as0793_0126_0002,,,
003/9bK05eBt1GM.mp4/0795_0166_0002_Person1.mp4,0795_0166_0002,,1.000,1,0,1,,,,,,,,,,,,,no movement,,,
003/9Y_l9NsnYE0.mp4/0002_0289_0003_Person2.mp4,0002_0289_0003,,1.610,,,2,,,,,,,,,,,,,,,,
003/9Y_l9NsnYE0.mp4/0041_0280_0002_Person1.mp4,0041_0280_0002,,0.835,1,1,1,sad,0,0,2,1,0,1,0,0,0,1,0,,,,
003/9Y_l9NsnYE0.mp4/0205_0104_0002_Person1.mp4,0205_0104_0002,,0.668,1,1,1,happy,0,0,0,0,0,1,1,1,1,1,0,,,,
003/9Y_l9NsnYE0.mp4/0225_0111_0002_Person1.mp4,0225_0111_0002,,0.498,1,1,1,happy,0,0,0,0,0,0,0,0,1,1,0,,,,
003/9Y_l9NsnYE0.mp4/0366_0288_0002_Person0.mp4,0366_0288_0002_,,1.190,,,0,,,,,,,,,,,,,,,,
003/9Y_l9NsnYE0.mp4/0367_0109_0002_Person1.mp4,0367_0109_0002,,0.486,0,0,1,,,,,,,,,,,,,,,,
003/9Y_l9NsnYE0.mp4/0398_0121_0006_Person1.mp4,0398_0121_0006_,,0.739,1,1,1,sad,0,0,1,1,0,0,0,0,0,1,0,,,,
003/9Y_l9NsnYE0.mp4/0417_0131_0001_Person0.mp4,0417_0131_0001,,0.407,0,0,0,,,,,,,,,,,,,,,,
003/9Y_l9NsnYE0.mp4/0474_0285_0002_Person1.mp4,0474_0285_0002,,1.300,,,1,,,,,,,,,,,,,,,,
003/9Y_l9NsnYE0.mp4/0496_0134_0005_Person4.mp4,0496_0134_0005,,0.734,1,1,4,sad,0,0,1,0,0,0,0,0,0,0,0,,,,
003/9Y_l9NsnYE0.mp4/0514_0146_0001_Person0.mp4,0514_0146_0001,,0.466,1,0,0,,,,,,,,,,,,,no movement,,,
003/AN07xQokfiE.mp4/0289_0133_0002_Person1.mp4,0289_0133_0002,,0.322,0,0,1,,,,,,,,,,,,,,,,
003/AN07xQokfiE.mp4/0313_0244_0002_Person1.mp4,0313_0244_0002,,0.923,1,0,1,,,,,,,,,,,,,no movement,,,
003/AN07xQokfiE.mp4/0341_0102_0002_Person1.mp4,0341_0102_0002,,0.348,1,1,1,sad,0,0,0,1,0,0,0,0,0,0,0,,,,
003/AN07xQokfiE.mp4/0385_0186_0001_Person0.mp4,0385_0186_0001,,0.420,1,1,0,sad,0,0,1,1,0,0,0,0,0,0,0,,,,
003/AN07xQokfiE.mp4/0427_0209_0003_Person2.mp4,0427_0209_0003,,0.561,1,0,2,,,,,,,,,,,,,no movement,,same as 0385_0186_0001,
003/AN07xQokfiE.mp4/0544_0112_0002_Person0.mp4,0544_0112_0002,,0.386,0,0,0,,,,,,,,,,,,,,,,
003/ax3q-RkVIt4.mp4/0189_0120_0004_Person2.mp4,0189_0120_0004_,,0.383,1,1,2,happy,0,0,0,0,0,0,0,0,0,1,0,,,,
003/ax3q-RkVIt4.mp4/0349_0192_0002_Person0.mp4,0349_0192_0002,,0.696,1,1,0,happy,0,0,0,1,0,1,0,0,1,1,0,,,,
003/ax3q-RkVIt4.mp4/0360_0212_0001_Person0.mp4,0360_0212_0001_,,0.713,1,1,0,sad,0,0,1,1,0,0,0,0,1,0,0,,,,
003/ax3q-RkVIt4.mp4/0411_0157_0002_Person1.mp4,0411_0157_0002,,0.661,1,1,1,other,0,0,0,0,0,1,1,0,0,1,0,,,,
003/ax3q-RkVIt4.mp4/0592_0168_0004_Person0.mp4,0592_0168_0004_,,0.513,0,0,0,,,,,,,,,,,,,,,,
003/ax3q-RkVIt4.mp4/0669_0174_0002_Person1.mp4,0669_0174_0002,,0.471,1,0,1,,,,,,,,,,,,,"person in space suit, movement hard to see",,,
003/BCiuXAuCKAU.mp4/0597_0159_0001_Person0.mp4,0597_0159_0001,,3.730,1,1,0,sad,2,0,0,0,0,2,0,0,0,0,0,,,,
003/C25wkwAMB-w.mp4/0113_0154_0001_Person0.mp4,0113_0154_0001,,3.420,1,1,0,sad,0,1,2,2,0,1,0,0,0,0,0,,,,
003/C25wkwAMB-w.mp4/0300_0132_0002_Person0.mp4,0300_0132_0002,,2.040,1,1,0,happy,0,0,0,0,0,1,0,0,2,2,0,,,,
003/C25wkwAMB-w.mp4/0329_0145_0002_Person1.mp4,0329_0145_0002,,1.630,1,1,1,happy,0,0,0,0,0,1,0,0,1,0,0,,,,
003/C25wkwAMB-w.mp4/0526_0150_0003_Person0.mp4,0526_0150_0003,,3.250,1,1,0,other,0,0,0,0,0,1,0,0,0,2,0,,,,
003/C25wkwAMB-w.mp4/0606_0174_0001_Person0.mp4,0606_0174_0001,,2.440,1,1,0,sad,1,1,2,2,0,0,0,0,0,1,0,,,,
003/C25wkwAMB-w.mp4/0656_0129_0002_Person0.mp4,0656_0129_0002,,1.700,1,1,0,sad,0,0,0,1,0,0,0,0,1,0,0,,,,
003/C25wkwAMB-w.mp4/0751_0139_0002_Person0.mp4,0751_0139_000,,1.630,1,1,0,sad,2,4,4,4,0,0,0,0,0,0,0,,,,
003/C25wkwAMB-w.mp4/0753_0118_0001_Person0.mp4,0753_0118_0001,,2.900,1,1,0,sad,2,0,3,0,0,0,0,0,0,0,0,,,,
003/C25wkwAMB-w.mp4/0754_0153_0001_Person0.mp4,0754_0153_0001,,4.580,1,1,0,sad,0,4,2,2,0,0,0,0,0,0,0,,,,
003/C25wkwAMB-w.mp4/0763_0140_0002_Person1.mp4,0763_0140_0002,,2.400,1,1,1,sad,1,0,1,2,0,0,0,0,0,0,0,,,,
003/C25wkwAMB-w.mp4/0822_0210_0001_Person0.mp4,0822_0210_0001,,2.680,1,1,0,sad,2,0,4,3,0,0,0,0,0,0,1,,,,
003/C25wkwAMB-w.mp4/0849_0114_0001_Person0.mp4,0849_0114_0001,,2.230,1,1,0,sad,0,0,1,2,0,1,0,0,0,0,0,,,,
003/C25wkwAMB-w.mp4/0945_0144_0002_Person0.mp4,945_0144_0002,,2.540,1,1,0,sad,1,0,2,1,0,0,0,0,0,0,0,,,,
003/C25wkwAMB-w.mp4/0945_0144_0002_Person1.mp4,0945_0144_0002,,2.540,1,1,1,sad,0,0,1,1,0,0,0,0,1,1,0,,,,
003/c9pEMjPT16M.mp4/0080_0151_0002_Person1.mp4,0080_0151_0002,,0.340,1,1,1,sad,0,0,0,0,0,1,0,0,0,0,0,,,,
003/c9pEMjPT16M.mp4/0290_0283_0002_Person0.mp4,0290_0283_0002,,0.770,1,1,0,sad,1,3,1,1,0,0,0,0,0,0,0,,,,
003/c9pEMjPT16M.mp4/0290_0283_0002_Person1.mp4,0290_0283_0002,,0.770,1,1,1,sad,0,0,2,2,0,1,1,0,0,1,0,,,,
003/c9pEMjPT16M.mp4/0299_0226_0001_Person0.mp4,0299_0226_0001,,0.767,1,1,0,sad,0,4,1,1,0,1,0,0,1,0,0,,,,
003/c9pEMjPT16M.mp4/0351_0116_0001_Person0.mp4,0351_0116_0001,,0.457,1,1,0,happy,0,0,0,1,0,2,0,0,2,2,0,,,,
003/c9pEMjPT16M.mp4/0356_0193_0001_Person0.mp4,0356_0193_0001,,0.587,1,1,0,other,0,0,3,0,0,0,0,1,0,0,0,,,,
003/c9pEMjPT16M.mp4/0399_0116_0002_Person0.mp4,0399_0116_0002,,0.500,1,1,0,happy,0,0,0,1,0,1,0,0,2,1,0,,,,
003/c9pEMjPT16M.mp4/0483_0209_0001_Person0.mp4,0483_0209_0001,,0.610,1,1,0,sad,0,0,1,1,0,1,0,0,0,0,0,,,,
003/c9pEMjPT16M.mp4/0662_0143_0001_Person0.mp4,0662_0143_0001,,0.556,1,1,0,sad,0,0,1,1,0,1,0,0,0,0,0,,,,
003/c9pEMjPT16M.mp4/0694_0165_0001_Person0.mp4,0694_0165_0001,,0.479,1,1,0,sad,0,0,1,1,0,1,0,0,0,1,0,,,,
003/c9pEMjPT16M.mp4/0740_0106_0001_Person0.mp4,0740_0106_0001,,0.338,1,1,0,sad,0,0,0,2,0,2,0,0,0,1,0,,,,
003/c9pEMjPT16M.mp4/0883_0162_0001_Person0.mp4,0883_0162_0001,,0.567,1,1,0,sad,0,0,0,1,0,2,0,0,0,1,0,,,,
003/c9pEMjPT16M.mp4/0902_0194_0001_Person0.mp4,0902_0194_0001,,0.664,1,1,0,happy,0,0,0,1,0,0,0,0,0,3,0,,,,
003/c9pEMjPT16M.mp4/1219_0135_0001_Person0.mp4,219_0135_0001,,0.494,1,1,0,sad,0,0,1,1,0,1,0,0,0,0,0,,,,
003/c9pEMjPT16M.mp4/1266_0211_0002_Person1.mp4,1266_0211_0002,,0.835,1,1,1,sad,0,2,0,0,0,1,0,0,1,0,0,,,,
003/cKA-qeZuH_w.mp4/0268_0219_0001_Person0.mp4,268_0219_0001,,1.030,,,0,,,,,,,,,,,,,,,,
003/cKA-qeZuH_w.mp4/0739_0225_0001_Person0.mp4,0739_0225_0001,,0.914,1,1,0,sad,0,2,0,0,0,1,0,0,0,0,0,,,,
003/CrlfWnsS7ac.mp4/0015_0298_0002_Person0.mp4,0015_0298_0002,,1.560,,,0,,,,,,,,,,,,,,,,
003/CrlfWnsS7ac.mp4/0379_0248_0003_Person1.mp4,0379_0248_0003,,1.250,,,1,,,,,,,,,,,,,,,,
003/CrlfWnsS7ac.mp4/0383_0148_0001_Person0.mp4,0383_0148_0001,,0.619,1,1,0,sad,0,0,1,2,0,1,0,0,0,0,0,,,,
003/CrlfWnsS7ac.mp4/0401_0166_0003_Person2.mp4,0401_0166_0003,,0.692,0,0,2,,,,,,,,,,,,,,,,
003/CrlfWnsS7ac.mp4/0423_0162_0002_Person0.mp4,0423_0162_0002,,0.719,1,1,0,sad,0,0,2,0,0,1,0,0,0,0,0,,,,
003/CrlfWnsS7ac.mp4/0432_0279_0003_Person2.mp4,0432_0279_0003,,1.250,,,2,,,,,,,,,,,,,,,,
003/CrlfWnsS7ac.mp4/0435_0142_0003_Person2.mp4,0435_0142_0003,,0.618,1,1,2,sad,0,0,2,0,0,1,0,0,0,0,0,same person as in 0423_0162_0002 I could code person 1,,,
003/CrlfWnsS7ac.mp4/0441_0182_0002_Person1.mp4,0441_0182_0002,,0.728,0,0,1,,,,,,,,,,,,,,,,
003/CrlfWnsS7ac.mp4/0512_0191_0002_Person0.mp4,0512_0191_0002,,0.671,1,1,0,sad,0,0,0,1,0,0,0,0,0,0,0,,,,
003/CrlfWnsS7ac.mp4/0886_0104_0001_Person0.mp4,0886_0104_0001,,0.372,1,1,0,sad,1,0,1,0,0,0,0,0,0,1,0,,,,
003/cWYJHb25EVs.mp4/0267_0104_0001_Person0.mp4,0267_0104_0001,,0.398,1,1,0,neutral,0,0,0,0,0,0,0,0,0,1,0,,,,
003/cWYJHb25EVs.mp4/0402_0131_0003_Person0.mp4,0402_0131_0003,,0.448,1,1,0,sad,0,0,2,0,0,0,0,0,0,0,0,,,,
003/cWYJHb25EVs.mp4/0427_0223_0001_Person0.mp4,0427_0223_0001,,0.896,1,1,0,happy,0,0,1,0,0,2,1,1,1,1,0,,,,
003/cWYJHb25EVs.mp4/0720_0138_0001_Person0.mp4,0720_0138_0001,,0.553,1,1,0,sad,0,0,1,1,0,0,0,0,0,0,0,,,,
003/cWYJHb25EVs.mp4/0866_0212_0002_Person0.mp4,0866_0212_0002,,1.150,,,0,,,,,,,,,,,,,,,,
003/cWYJHb25EVs.mp4/0960_0258_0001_Person0.mp4,0960_0258_0001,,0.755,1,1,0,sad,1,1,1,1,0,0,0,0,1,0,0,,,,
003/cWYJHb25EVs.mp4/0981_0187_0004_Person3.mp4,0981_0187_0004,,0.814,1,0,3,,,,,,,,,,,,,no mvement,,,
003/cWYJHb25EVs.mp4/0982_0225_0004_Person2.mp4,0982_0225_0004_,,1.040,,,2,,,,,,,,,,,,,,,,
003/Db19rWN5BGo.mp4/0226_0103_0003_Person2.mp4,0226_0103_0003,,3.060,,?,2,,,,,,,,,,,,,,,,
003/Db19rWN5BGo.mp4/0312_0128_0001_Person0.mp4,0312_0128_0001,,1.090,,?,0,,,,,,,,,,,,,,,,
003/Db19rWN5BGo.mp4/0705_0160_0004_Person0.mp4,0705_0160_0004,,3.130,,?,0,,,,,,,,,,,,,,,,
003/Db19rWN5BGo.mp4/0735_0189_0004_Person1.mp4,0735_0189_0004,,4.660,,?,1,,,,,,,,,,,,,,,,
003/D-BJTU6NxZ8.mp4/0008_0134_0001_Person0.mp4,0008_0134_0001,,0.417,0,0,0,,,,,,,,,,,,,,,,
003/D-BJTU6NxZ8.mp4/0083_0120_0002_Person0.mp4,0083_0120_0002,,0.569,1,1,0,sad,0,0,2,1,0,1,0,0,0,0,0,,,,
003/D-BJTU6NxZ8.mp4/0100_0128_0001_Person0.mp4,0100_0128_0001,,0.639,1,1,0,sad,0,0,2,2,0,1,0,0,0,0,0,,,,
003/D-BJTU6NxZ8.mp4/0150_0173_0001_Person0.mp4,0150_0173_0001,,0.788,1,1,0,sad,0,0,2,2,0,1,0,0,0,0,0,,,,
003/D-BJTU6NxZ8.mp4/0153_0144_0002_Person1.mp4,0153_0144_0002,,0.506,1,1,1,sad,0,0,2,1,0,1,0,0,0,0,0,analized this actor before  but different scene,,,
003/D-BJTU6NxZ8.mp4/0155_0173_0002_Person1.mp4,0155_0173_0002,,0.646,1,1,1,sad,0,0,2,1,0,1,0,0,0,0,0,analized this actor before  but different scene,,,
003/D-BJTU6NxZ8.mp4/0160_0195_0002_Person1.mp4,0160_0195_0002_,,0.473,1,1,1,sad,0,0,2,2,0,0,0,1,0,0,0,analized this actor before  but different scene,,,
003/D-BJTU6NxZ8.mp4/0196_0156_0001_Person0.mp4,0196_0156_0001,,0.542,1,1,0,sad,0,0,1,2,0,0,0,0,0,1,0,analized this actor before  but different scene,,,
003/D-BJTU6NxZ8.mp4/0276_0292_0001_Person0.mp4,0276_0292_0001,,1.360,,?,0,,,,,,,,,,,,,,,,
003/D-BJTU6NxZ8.mp4/0290_0143_0002_Person0.mp4,0290_0143_0002,,0.646,1,1,0,sad,0,0,2,2,0,0,0,0,0,0,0,,,,
003/D-BJTU6NxZ8.mp4/0404_0122_0001_Person0.mp4,0404_0122_0001,,0.689,1,1,0,sad,0,0,0,1,0,1,0,1,0,0,0,,,,
003/D-BJTU6NxZ8.mp4/0509_0157_0002_Person0.mp4,0509_0157_0002,,0.555,1,1,0,sad,2,2,1,1,0,0,0,0,0,0,0,,,,
003/D-BJTU6NxZ8.mp4/0509_0157_0002_Person1.mp4,0509_0157_0002,,0.555,1,1,1,sad,0,0,0,2,0,1,0,0,0,0,0,,,,
003/D-BJTU6NxZ8.mp4/0517_0152_0003_Person0.mp4,0517_0152_0003,,0.496,1,0,0,,,,,,,,,,,,,same person as 0509_0157_0002,,,
003/D-BJTU6NxZ8.mp4/0530_0150_0003_Person2.mp4,0530_0150_0003,,0.403,1,0,2,,,,,,,,,,,,,same person as 0509_0157_0002,,,could code person 1
003/D-BJTU6NxZ8.mp4/0565_0155_0001_Person0.mp4,0565_0155_0001,,0.483,1,1,0,sad,0,0,2,1,0,2,0,0,0,0,0,,,,
003/D-BJTU6NxZ8.mp4/0647_0241_0004_Person3.mp4,0647_0241_0004,,0.914,1,1,3,sad,2,0,1,2,0,0,0,0,0,0,0,,,,
003/D-BJTU6NxZ8.mp4/0729_0166_0001_Person0.mp4,0729_0166_0001,,0.684,1,1,0,happy,0,0,0,0,0,0,0,0,0,2,0,,,,
003/Di1MG6auDYo.mp4/0004_0135_0002_Person1.mp4,0004_0135_0002,,2.030,1,1,1,sad,1,1,0,1,0,0,0,0,0,1,0,,,,
003/Di1MG6auDYo.mp4/0137_0176_0001_Person0.mp4,0137_0176_0001,,2.200,1,1,0,sad,2,0,0,1,0,2,0,0,0,0,0,,,,
003/Di1MG6auDYo.mp4/0141_0116_0002_Person0.mp4,0141_0116_0002,,1.750,1,1,0,sad,1,0,0,2,0,2,0,0,0,0,0,,,,
003/Di1MG6auDYo.mp4/0141_0116_0002_Person1.mp4,0141_0116_0002,,1.750,1,1,1,sad,1,1,1,1,0,2,0,0,1,0,0,,,,
003/Di1MG6auDYo.mp4/0633_0119_0003_Person0.mp4,0633_0119_0003,,1.740,1,0,0,,,,,,,,,,,,,no movement could analize person 1,,,
003/Ecivp8t3MdY.mp4/0104_0141_0002_Person1.mp4,0104_0141_0002,,0.471,1,1,1,sad,0,2,3,3,0,1,0,1,0,1,0,,,,
003/Ecivp8t3MdY.mp4/0127_0279_0001_Person0.mp4,0127_0279_0001,,1.200,,,0,,,,,,,,,,,,,,,,
003/Ecivp8t3MdY.mp4/0204_0137_0002_Person0.mp4,0204_0137_0002,,0.740,1,1,0,happy,0,0,0,0,0,3,0,0,2,0,0,,,,
003/Ecivp8t3MdY.mp4/0350_0143_0001_Person0.mp4,0350_0143_0001,,0.820,1,1,0,sad,0,2,0,0,0,3,0,1,0,0,0,,,,
003/Ecivp8t3MdY.mp4/0471_0121_0001_Person0.mp4,0471_0121_0001,,0.672,1,1,0,sad,0,1,1,1,0,2,0,1,1,0,0,,,,
003/Ecivp8t3MdY.mp4/0519_0226_0002_Person1.mp4,0519_0226_0002,,0.752,1,1,1,sad,0,0,0,1,0,1,0,0,0,0,0,,,,
003/Ekwy7wzLfjc.mp4/0045_0130_0001_Person0.mp4,0045_0130_0001,,1.050,1,1,0,sad,2,2,0,0,0,0,0,0,0,0,0,,,,
003/Ekwy7wzLfjc.mp4/0109_0135_0003_Person1.mp4,0109_0135_0003,,2.440,1,1,1,sad,1,0,2,2,0,0,0,0,0,1,0,,,,
003/Ekwy7wzLfjc.mp4/0151_0297_0002_Person1.mp4,0151_0297_0002,,2.850,,,1,,,,,,,,,,,,,,,,
003/Ekwy7wzLfjc.mp4/0193_0270_0002_Person0.mp4,0193_0270_0002_,,2.110,,,0,,,,,,,,,,,,,,,,
003/Ekwy7wzLfjc.mp4/0193_0270_0002_Person1.mp4,0193_0270_0002_,,2.110,,,1,,,,,,,,,,,,,,,,
003/Ekwy7wzLfjc.mp4/0227_0227_0002_Person1.mp4,0227_0227_0002,,3.370,,,1,,,,,,,,,,,,,,,,
003/Ekwy7wzLfjc.mp4/0268_0284_0002_Person0.mp4,0268_0284_0002,,6.200,,,0,,,,,,,,,,,,,,,,
003/er7eeiJB6dI.mp4/0061_0121_0001_Person0.mp4,0061_0121_0001,,0.551,1,1,0,sad,0,0,1,1,0,0,0,0,0,0,0,,,,
003/er7eeiJB6dI.mp4/0173_0183_0001_Person0.mp4,0173_0183_0001,,0.616,1,1,0,sad,0,0,3,1,0,0,0,0,1,0,0,,,,
003/er7eeiJB6dI.mp4/0212_0235_0001_Person0.mp4,0212_0235_0001,,0.654,1,1,0,happy,0,0,0,0,0,0,0,0,2,1,0,,,,
003/er7eeiJB6dI.mp4/0229_0263_0002_Person1.mp4,0229_0263_0002,,2.110,,,1,,,,,,,,,,,,,,,,
003/er7eeiJB6dI.mp4/0255_0103_0001_Person0.mp4,0255_0103_0001_,,0.493,1,1,0,sad,0,0,0,1,0,0,0,0,1,0,0,,,,
003/er7eeiJB6dI.mp4/0259_0187_0001_Person0.mp4,0259_0187_0001,,0.756,1,1,0,sad,0,4,1,1,0,1,0,2,0,0,0,,,,
003/er7eeiJB6dI.mp4/0351_0128_0001_Person0.mp4,0351_0128_0001_,,0.346,1,1,0,happy,0,0,0,1,0,0,0,0,2,1,0,,,,
003/er7eeiJB6dI.mp4/0366_0211_0003_Person0.mp4,0366_0211_0003,,0.689,1,1,0,sad,0,0,1,0,0,0,0,0,0,1,0,,,,
003/er7eeiJB6dI.mp4/0366_0211_0003_Person1.mp4,0366_0211_0003,,0.689,1,1,1,sad,0,0,0,1,0,1,0,2,0,0,0,,,,
003/er7eeiJB6dI.mp4/0382_0111_0003_Person0.mp4,0382_0111_0003,,0.363,1,1,0,sad,0,0,2,2,0,0,0,0,0,1,0,,,,
003/er7eeiJB6dI.mp4/0419_0179_0001_Person0.mp4,0419_0179_0001,,0.639,1,1,0,sad,0,0,2,2,0,1,0,0,0,1,0,,,,
003/F3dPH6Xqf5M.mp4/0012_0173_0002_Person0.mp4,0012_0173_0002,,1.600,1,1,0,sad,3,0,1,1,0,0,0,0,0,0,0,,,,
003/F3dPH6Xqf5M.mp4/0245_0187_0002_Person1.mp4,0245_0187_0002,,3.210,1,1,1,sad,2,0,1,1,0,0,0,0,0,0,0,,,,
003/F3dPH6Xqf5M.mp4/0397_0131_0004_Person0.mp4,0397_0131_0004,,3.780,1,1,0,sad,2,0,1,2,0,2,0,1,0,1,0,,,,
003/fD6VkIRlIRI.mp4/0052_0114_0001_Person0.mp4,0052_0114_0001,,0.386,1,1,0,happy,0,0,0,0,0,0,0,0,0,2,0,,,,
003/fD6VkIRlIRI.mp4/0385_0195_0005_Person2.mp4,0385_0195_0005,,1.060,1,1,2,sad,0,0,2,1,0,0,0,0,0,0,0,,,,
003/fD6VkIRlIRI.mp4/0520_0174_0001_Person0.mp4,0520_0174_0001,,0.964,1,1,0,sad,0,0,2,2,0,0,0,1,0,0,0,,,,
003/fD6VkIRlIRI.mp4/0560_0146_0001_Person0.mp4,0560_0146_0001,,0.681,0,0,0,,,,,,,,,,,,,,,,
003/fD6VkIRlIRI.mp4/0722_0209_0004_Person1.mp4,0722_0209_0004,,1.140,1,1,1,sad,0,0,2,2,0,0,0,0,0,0,0,,,,
003/fD6VkIRlIRI.mp4/0897_0148_0001_Person0.mp4,0897_0148_0001,,0.643,1,1,0,sad,2,0,2,1,0,0,0,1,0,1,0,,,,
003/fNcxxBjEOgw.mp4/0693_0100_0004_Person0.mp4,0693_0100_0004,,0.772,1,1,0,sad,0,0,1,1,0,1,0,0,0,0,0,,,,
003/g1wyIcLPbq0.mp4/0138_0212_0002_Person1.mp4,0138_0212_0002,,1.080,,,1,,,,,,,,,,,,,,,,
003/g1wyIcLPbq0.mp4/0185_0105_0001_Person0.mp4,0185_0105_0001,,0.745,1,1,0,sad,0,0,0,1,0,1,0,0,0,0,0,,,,
003/g1wyIcLPbq0.mp4/0301_0149_0001_Person0.mp4,0301_0149_0001,,0.622,0,0,0,,,,,,,,,,,,,,,,
003/g1wyIcLPbq0.mp4/0330_0170_0002_Person0.mp4,0330_0170_0002,,0.932,1,1,0,sad,0,0,0,1,0,0,0,0,0,1,0,,,,
003/g1wyIcLPbq0.mp4/0334_0291_0003_Person1.mp4,0334_0291_0003,,1.760,,,1,,,,,,,,,,,,,,,,
003/g1wyIcLPbq0.mp4/0520_0111_0003_Person1.mp4,0520_0111_0003,,0.397,1,1,1,sad,0,0,2,1,0,0,0,0,0,0,0,,,,
003/g1wyIcLPbq0.mp4/0553_0156_0001_Person0.mp4,0553_0156_0001,,0.677,1,0,0,,,,,,,,,,,,,bonding box moved,,,
003/g1wyIcLPbq0.mp4/0626_0165_0001_Person0.mp4,0626_0165_0001,,0.517,1,0,0,,,,,,,,,,,,,no movement,,,
003/G5Yr20A5z_Q.mp4/0180_0218_0002_Person1.mp4,0180_0218_0002,,1.040,,,1,,,,,,,,,,,,,,,,
003/G5Yr20A5z_Q.mp4/0373_0139_0001_Person0.mp4,0373_0139_0001,,0.739,1,1,0,sad,0,1,0,1,0,0,0,0,0,1,0,,,,
003/G5Yr20A5z_Q.mp4/0384_0190_0002_Person1.mp4,384_0190_0002,,0.836,1,1,1,sad,0,0,1,1,0,0,0,0,1,1,0,,,,
003/G5Yr20A5z_Q.mp4/0413_0166_0002_Person0.mp4,0413_0166_0002,,0.911,1,0,0,,,,,,,,,,,,,no movement,,,
003/G5Yr20A5z_Q.mp4/0625_0226_0002_Person0.mp4,0625_0226_0002,,1.380,,,0,,,,,,,,,,,,,,,,
003/G5Yr20A5z_Q.mp4/0662_0144_0006_Person4.mp4,0662_0144_0006,,0.990,1,0,4,,,,,,,,,,,,,no movement,,,
003/G5Yr20A5z_Q.mp4/0750_0140_0002_Person1.mp4,0750_0140_0002,,0.807,1,1,1,sad,1,0,1,1,0,1,0,0,0,0,0,,,,
003/G5Yr20A5z_Q.mp4/0755_0245_0002_Person0.mp4,0755_0245_0002,,1.150,,,0,,,,,,,,,,,,,,,,
003/G5Yr20A5z_Q.mp4/0815_0236_0002_Person0.mp4,0815_0236_0002,,1.350,,,0,,,,,,,,,,,,,,,,
003/G5Yr20A5z_Q.mp4/0848_0243_0002_Person0.mp4,0848_0243_0002,,1.260,,,0,,,,,,,,,,,,,,,,
003/G5Yr20A5z_Q.mp4/0963_0228_0001_Person0.mp4,0963_0228_0001,,1.110,,,0,,,,,,,,,,,,,,,,
003/G5Yr20A5z_Q.mp4/1078_0156_0003_Person0.mp4,1078_0156_0003,,1.370,1,1,0,sad,1,1,0,1,0,0,0,0,1,0,0,,,,
003/G5Yr20A5z_Q.mp4/1084_0231_0002_Person0.mp4,1084_0231_0002,,2.110,,,0,,,,,,,,,,,,,,,,
003/G5Yr20A5z_Q.mp4/1089_0211_0002_Person0.mp4,1089_0211_0002,,1.610,,,0,,,,,,,,,,,,,,,,
003/G5Yr20A5z_Q.mp4/1140_0222_0001_Person0.mp4,1140_0222_0001,,1.320,,,0,,,,,,,,,,,,,,,,
003/G5Yr20A5z_Q.mp4/1152_0101_0004_Person1.mp4,1152_0101_0004,,0.591,1,1,1,sad,0,0,1,0,0,0,0,1,0,1,0,,,,
003/Gvp-cj3bmIY.mp4/0214_0254_0002_Person0.mp4,0214_0254_0002,,2.780,,,0,,,,,,,,,,,,,,,,
003/Gvp-cj3bmIY.mp4/0214_0254_0002_Person1.mp4,0214_0254_0002,,2.780,,,1,,,,,,,,,,,,,,,,
003/Gvp-cj3bmIY.mp4/0608_0135_0002_Person0.mp4,0608_0135_0002,,1.590,1,1,0,sad,0,1,2,1,0,0,0,0,1,0,0,,,,
003/Gvp-cj3bmIY.mp4/0694_0200_0003_Person1.mp4,0694_0200_0003,,3.920,1,1,1,other,0,0,0,0,0,0,1,1,0,0,0,,,,
003/Gvp-cj3bmIY.mp4/0917_0159_0005_Person3.mp4,0917_0159_0005,,1.780,1,1,3,sad,0,0,1,4,0,0,0,0,0,0,0,,,,
003/Gvp-cj3bmIY.mp4/0985_0122_0001_Person0.mp4,0985_0122_0001,,2.000,1,1,0,sad,2,0,4,2,0,0,0,0,0,0,0,,,,
003/hHgg9WI8dTk.mp4/0226_0137_0001_Person0.mp4,0226_0137_0001,,0.681,1,1,0,happy,0,0,0,0,0,1,0,1,1,1,0,,,,
003/hHgg9WI8dTk.mp4/0257_0112_0001_Person0.mp4,0257_0112_0001,,0.624,1,1,0,sad,0,0,1,1,0,0,0,0,0,0,0,,,,
003/hHgg9WI8dTk.mp4/0382_0163_0001_Person0.mp4,0382_0163_0001,,0.790,1,1,0,sad,0,0,2,2,0,0,0,0,0,0,0,,,,
003/HJzgJ9ZjvJk.mp4/0232_0208_0001_Person0.mp4,0232_0208_0001,,1.390,1,1,0,sad,0,0,0,2,0,1,1,0,0,0,0,,,,
003/HKjR70GCRPE.mp4/0018_0100_0002_Person1.mp4,0018_0100_0002,,0.538,1,1,1,sad,0,0,1,1,0,0,0,0,0,1,0,,,,
003/HKjR70GCRPE.mp4/0031_0172_0001_Person0.mp4,0031_0172_0001,,0.449,1,1,0,sad,0,0,1,1,0,0,0,0,0,0,0,,,,
003/HKjR70GCRPE.mp4/0131_0232_0002_Person0.mp4,0131_0232_0002,,0.912,1,1,0,sad,0,2,1,1,0,0,0,0,1,0,0,,,,
003/HKjR70GCRPE.mp4/0131_0232_0002_Person1.mp4,0131_0232_0002,,0.912,1,1,1,sad,0,0,2,0,0,1,0,0,2,0,0,,,,
003/HKjR70GCRPE.mp4/0200_0135_0002_Person1.mp4,0200_0135_0002,,0.630,1,1,1,sad,0,0,2,1,0,0,0,0,0,1,0,,,,
003/HKjR70GCRPE.mp4/0305_0167_0001_Person0.mp4,0305_0167_0001,,0.855,1,1,0,sad,0,0,2,1,0,1,0,0,0,1,0,,,,
003/HKjR70GCRPE.mp4/0406_0162_0002_Person1.mp4,0406_0162_0002,,0.450,1,1,1,sad,0,0,1,1,0,0,0,0,0,0,0,,,,
003/HKjR70GCRPE.mp4/0781_0149_0001_Person0.mp4,0781_0149_0001,,0.477,1,1,0,happy,0,0,0,0,0,1,0,0,2,1,0,,,,
003/HKjR70GCRPE.mp4/0847_0107_0002_Person0.mp4,0847_0107_0002,,0.413,1,1,0,sad,0,0,0,1,0,0,0,0,0,0,0,,,,
003/HKjR70GCRPE.mp4/0882_0277_0003_Person2.mp4,0882_0277_0003,,1.030,,,2,,,,,,,,,,,,,,,,
003/HKjR70GCRPE.mp4/0927_0288_0002_Person0.mp4,0927_0288_0002,,0.789,1,1,0,other,0,0,1,0,0,0,0,0,0,1,0,,,,
003/HKjR70GCRPE.mp4/0967_0145_0001_Person0.mp4,0967_0145_0001,,0.422,1,1,0,sad,0,0,0,1,0,1,0,0,0,0,0,,,,
003/HKjR70GCRPE.mp4/1058_0186_0002_Person0.mp4,1058_0186_0002,,0.636,1,1,0,sad,0,0,2,1,0,0,0,0,0,0,0,,,,
003/HKjR70GCRPE.mp4/1058_0186_0002_Person1.mp4,1058_0186_0002,,0.636,1,1,1,sad,0,0,2,1,0,0,0,0,0,0,0,,,,
003/HV0H6oc4Kvs.mp4/0097_0257_0002_Person0.mp4,0097_0257_0002,,1.916,,,0,,,,,,,,,,,,,,,,
003/HV0H6oc4Kvs.mp4/0483_0168_0002_Person0.mp4,0483_0168_0002,,1.460,1,1,0,sad,0,1,0,1,0,0,0,0,0,0,0,,,,
003/HymKCzQJbB8.mp4/0139_0100_0001_Person0.mp4,0139_0100_0001,,0.763,1,1,0,sad,1,0,2,1,0,1,0,0,0,0,0,"this video looks familiar, check to see if previously coded",,,
003/HymKCzQJbB8.mp4/0337_0291_0002_Person0.mp4,0337_0291_0002,,2.040,,,0,,,,,,,,,,,,,,,,
003/HymKCzQJbB8.mp4/0805_0100_0002_Person1.mp4,0805_0100_0002,,0.686,1,1,1,sad,0,1,0,1,0,1,0,0,0,0,0,,,,
003/HymKCzQJbB8.mp4/0838_0144_0004_Person0.mp4,0838_0144_0004,,0.715,1,1,0,sad,1,0,0,1,0,0,0,0,0,0,0,,,,
003/IKdBLciu_-A.mp4/0094_0184_0001_Person0.mp4,0094_0184_0001,,1.010,1,1,0,sad,0,0,3,3,0,0,0,0,0,1,0,,,,
003/IKdBLciu_-A.mp4/0102_0244_0003_Person0.mp4,0102_0244_0003,,1.350,,,0,,,,,,,,,,,,,,,,
003/IKdBLciu_-A.mp4/0217_0182_0001_Person0.mp4,0217_0182_0001,,0.684,1,1,0,happy,0,0,0,0,0,1,0,1,1,1,0,,,,
003/IKdBLciu_-A.mp4/0475_0152_0001_Person0.mp4,0475_0152_0001,,0.494,1,1,0,happy,0,0,0,0,0,0,0,0,1,1,0,,,,
003/IKdBLciu_-A.mp4/0525_0135_0002_Person0.mp4,0525_0135_0002,,0.670,1,1,0,sad,1,0,1,0,0,0,0,1,0,0,0,,,,
003/IKdBLciu_-A.mp4/0655_0115_0003_Person0.mp4,0655_0115_0003,,0.588,1,1,0,sad,0,0,0,1,0,0,0,0,0,0,0,,,,
003/IKdBLciu_-A.mp4/0795_0244_0002_Person1.mp4,0795_0244_0002_,,0.896,1,1,1,happy,0,0,0,0,0,1,0,0,2,0,0,,,,
003/iSlDMboCSao.mp4/0742_0125_0006_Person3.mp4,0742_0125_0006,,2.120,1,1,3,sad,1,3,1,2,0,0,0,0,0,0,0,,,,
003/iSlDMboCSao.mp4/0871_0176_0004_Person3.mp4,0871_0176_0004,,1.740,1,1,3,sad,2,0,2,2,0,0,0,0,0,0,0,,,,
003/iSlDMboCSao.mp4/0925_0139_0001_Person0.mp4,0925_0139_0001,,1.560,1,1,0,sad,0,4,2,2,0,0,0,1,0,0,0,,,,
003/IzvOYVMltkI.mp4/0126_0135_0002_Person0.mp4,0126_0135_0002,,0.844,1,1,0,happy,0,0,0,1,0,1,0,0,2,1,0,,,,
003/IzvOYVMltkI.mp4/0126_0135_0002_Person1.mp4,0126_0135_0002,,0.844,1,0,1,,,,,,,,,,,,,no movement,,,
003/IzvOYVMltkI.mp4/0205_0209_0002_Person1.mp4,0205_0209_0002,,0.944,1,1,1,sad,0,0,1,1,0,0,0,0,0,0,0,,,,
003/IzvOYVMltkI.mp4/0300_0207_0002_Person0.mp4,0300_0207_0002,,1.420,1,1,0,sad,2,0,1,2,0,1,0,0,1,0,0,,,,
003/IzvOYVMltkI.mp4/0371_0123_0001_Person0.mp4,0371_0123_0001,,0.674,1,1,0,sad,2,0,0,1,0,0,0,0,0,0,0,,,,
003/IzvOYVMltkI.mp4/0475_0287_0002_Person0.mp4,0475_0287_000,,1.070,,,0,,,,,,,,,,,,,,,,
003/IzvOYVMltkI.mp4/0502_0111_0001_Person0.mp4,0502_0111_0001,,0.667,1,1,0,sad,0,0,0,1,0,1,0,0,0,0,0,,,,
003/IzvOYVMltkI.mp4/0528_0146_0002_Person0.mp4,0528_0146_0002,,0.893,1,1,0,sad,0,0,1,1,0,1,0,1,1,1,0,,,,
003/IzvOYVMltkI.mp4/0585_0213_0002_Person1.mp4,0585_0213_0002,,1.100,,,1,,,,,,,,,,,,,,,,
003/IzvOYVMltkI.mp4/0720_0114_0003_Person1.mp4,0720_0114_0003,,0.526,1,1,1,sad,0,0,0,1,0,0,0,0,0,0,0,,,,
003/IzvOYVMltkI.mp4/0720_0114_0003_Person2.mp4,0720_0114_0003,,0.526,1,1,2,sad,0,0,1,1,0,0,0,0,0,0,0,,,,
003/IzvOYVMltkI.mp4/0817_0163_0002_Person0.mp4,0817_0163_0002,,0.685,1,1,0,sad,2,0,0,1,0,0,0,0,0,0,0,,,,
003/IzvOYVMltkI.mp4/0817_0163_0002_Person1.mp4,0817_0163_0002,,0.685,1,1,1,sad,0,0,1,1,0,0,0,0,0,0,0,,,,
003/J1jDc2rTJlg.mp4/0341_0113_0004_Person2.mp4,0341_0113_0004,,2.180,1,1,2,sad,0,0,0,1,0,0,0,0,0,0,0,,,,
003/J1jDc2rTJlg.mp4/0362_0144_0004_Person2.mp4,0362_0144_0004_,,1.850,1,1,2,sad,2,0,0,1,0,0,0,0,0,0,0,,,,
003/J1jDc2rTJlg.mp4/0470_0154_0002_Person0.mp4,0470_0154_0002,,1.560,1,1,0,sad,0,0,0,2,0,0,0,1,0,0,0,,,,
003/J4bt4y9ShTA.mp4/0025_0111_0002_Person1.mp4,0025_0111_0002,,1.810,1,1,1,sad,0,0,2,2,0,1,0,0,0,0,0,,,,
003/J4bt4y9ShTA.mp4/0187_0102_0002_Person0.mp4,0187_0102_0002,,1.720,1,1,0,sad,0,0,2,2,0,0,0,0,0,0,0,,,,
003/J4bt4y9ShTA.mp4/0232_0143_0002_Person0.mp4,0232_0143_0002,,1.770,1,1,0,sad,1,0,0,1,0,0,0,0,0,0,0,,,,
003/J4bt4y9ShTA.mp4/0270_0225_0001_Person0.mp4,0270_0225_0001,,2.460,,,0,,,,,,,,,,,,,,,,
003/J4bt4y9ShTA.mp4/0290_0100_0001_Person0.mp4,0290_0100_0001,,0.941,1,1,0,sad,2,0,0,0,0,0,0,0,0,0,0,,,,
003/J4bt4y9ShTA.mp4/0299_0146_0001_Person0.mp4,0299_0146_0001,,1.150,1,1,0,other,0,0,0,1,0,0,0,0,0,2,0,,,,
003/J4bt4y9ShTA.mp4/0372_0263_0002_Person1.mp4,0372_0263_0002,,3.360,,,1,,,,,,,,,,,,,,,,
003/j5jmjhGBW44.mp4/0293_0170_0003_Person2.mp4,0293_0170_0003,,0.698,1,1,2,sad,0,1,2,2,0,1,0,0,0,0,0,,,,
003/j5jmjhGBW44.mp4/0451_0171_0001_Person0.mp4,0451_0171_0001,,0.540,1,1,0,sad,0,0,0,1,0,1,0,0,0,0,0,,,,
003/j5jmjhGBW44.mp4/0676_0118_0001_Person0.mp4,0676_0118_0001,,0.930,1,0,0,,,,,,,,,,,,,no movement,,,
003/j5jmjhGBW44.mp4/0706_0162_0001_Person0.mp4,0706_0162_0001,,0.515,1,1,0,sad,0,0,2,0,0,0,0,0,0,1,0,,,,
003/jgAwJ0RqmYg.mp4/0171_0214_0002_Person0.mp4,0171_0214_0002,,2.910,,,0,,,,,,,,,,,,,,,,
003/jgAwJ0RqmYg.mp4/0303_0188_0002_Person1.mp4,0303_0188_0002,,2.210,1,1,1,sad,1,0,0,2,0,1,0,0,0,0,0,,,,
003/jgAwJ0RqmYg.mp4/0387_0187_0002_Person1.mp4,0387_0187_0002,,2.010,1,1,1,sad,1,1,2,2,0,1,0,1,1,0,0,,,,
003/JNb4nWexD0I.mp4/0371_0112_0001_Person0.mp4,0371_0112_0001,,0.366,1,1,0,happy,0,0,0,0,0,1,0,0,2,1,0,,,,
003/JNb4nWexD0I.mp4/0469_0204_0003_Person0.mp4,0469_0204_0003,,1.020,1,1,0,sad,0,0,0,1,0,0,0,0,0,1,0,,,,
003/jqZpiHlJUig.mp4/0297_0202_0001_Person0.mp4,0297_0202_0001,,1.980,1,1,0,sad,2,0,0,1,0,0,0,0,0,0,0,,,,
003/jqZpiHlJUig.mp4/0656_0137_0002_Person0.mp4,0656_0137_0002,,1.310,1,0,0,,,,,,,,,,,,,no movement,,,
003/K_SpqDJnlps.mp4/0016_0117_0001_Person0.mp4,0016_0117_0001,,0.358,1,1,0,sad,0,0,1,1,0,0,0,0,0,1,0,,,,
003/K_SpqDJnlps.mp4/0029_0254_0001_Person0.mp4,0029_0254_0001,,0.805,0,0,0,,,,,,,,,,,,,,,,
003/K_SpqDJnlps.mp4/0298_0172_0001_Person0.mp4,0298_0172_0001,,0.578,0,0,0,,,,,,,,,,,,,,,,
003/K_SpqDJnlps.mp4/0383_0197_0002_Person0.mp4,0383_0197_0002,,0.533,1,1,0,sad,0,0,1,1,0,0,0,0,0,0,0,,,,
003/Kb1fduj-jdY.mp4/0038_0224_0003_Person0.mp4,0038_0224_0003,,3.370,,?,0,,,,,,,,,,,,,,,,
003/Kb1fduj-jdY.mp4/0263_0104_0004_Person1.mp4,0263_0104_0004,,2.360,x,?,1,,,,,,,,,,,,,,,,
003/Kb1fduj-jdY.mp4/0451_0137_0001_Person0.mp4,0451_0137_0001,,2.450,,?,0,,,,,,,,,,,,,,,,
003/Kb1fduj-jdY.mp4/0452_0136_0001_Person0.mp4,0452_0136_0001,,1.780,,?,0,,,,,,,,,,,,,,,,
003/K--hW14uzA0.mp4/0055_0192_0001_Person0.mp4,0055_0192_0001,,2.250,,?,0,,,,,,,,,,,,,,,,
003/K--hW14uzA0.mp4/0081_0244_0002_Person0.mp4,0081_0244_0002,,2.930,x,?,0,,,,,,,,,,,,,,,,
003/K--hW14uzA0.mp4/0242_0173_0004_Person2.mp4,0242_0173_0004,,3.590,,?,2,,,,,,,,,,,,,,,,
003/K--hW14uzA0.mp4/0399_0126_0006_Person0.mp4,0399_0126_0006,,2.960,,?,0,,,,,,,,,,,,,,,,
003/K--hW14uzA0.mp4/0419_0209_0001_Person0.mp4,0419_0209_0001,,4.110,x,?,0,,,,,,,,,,,,,,,,
003/K--hW14uzA0.mp4/0473_0223_0003_Person1.mp4,0473_0223_0003,,4.770,,?,1,,,,,,,,,,,,,,,,
003/K--hW14uzA0.mp4/0583_0102_0001_Person0.mp4,0583_0102_0001,,1.760,,?,0,,,,,,,,,,,,,,,,
003/K--hW14uzA0.mp4/0833_0128_0003_Person2.mp4,0833_0128_0003,,2.450,,?,2,,,,,,,,,,,,,,,,
003/kMy-6RtoOVU.mp4/0142_0197_0002_Person1.mp4,0142_0197_0002,,2.460,1,1,1,happy,0,0,0,0,0,0,0,0,3,0,0,,,,
003/kMy-6RtoOVU.mp4/0445_0113_0002_Person0.mp4,0445_0113_0002,,1.590,1,1,0,sad,2,4,2,2,0,0,0,0,0,0,0,,,,
003/Ksd1JQFHYWA.mp4/0265_0100_0001_Person0.mp4,0265_0100_0001,,1.320,1,1,0,other,0,0,0,0,0,1,0,0,0,1,0,,,,
003/Ksd1JQFHYWA.mp4/0313_0176_0001_Person0.mp4,0313_0176_0001,,2.080,1,1,0,happy,0,0,0,0,0,0,2,1,3,3,0,,,,
003/Ksd1JQFHYWA.mp4/0316_0140_0008_Person0.mp4,0316_0140_0008,,2.050,1,1,0,happy,0,0,0,0,0,1,0,0,1,1,0,,,,
003/Ksd1JQFHYWA.mp4/0562_0149_0001_Person0.mp4,0562_0149_0001,,2.310,1,1,0,happy,0,0,0,0,0,2,0,0,2,0,0,,,,
003/Ksd1JQFHYWA.mp4/0591_0115_0003_Person1.mp4,0591_0115_0003,,1.580,1,1,1,happy,0,0,0,0,0,0,0,0,1,2,0,,,,
003/Ksd1JQFHYWA.mp4/0598_0206_0003_Person1.mp4,0598_0206_0003,,1.890,1,1,1,sad,1,0,1,1,0,0,0,0,0,0,0,,,,
003/Ksd1JQFHYWA.mp4/0688_0293_0005_Person4.mp4,0688_0293_0005,,3.110,,,4,,,,,,,,,,,,,,,,
003/Ksd1JQFHYWA.mp4/0719_0186_0002_Person0.mp4,0719_0186_0002,,1.680,1,1,0,sad,0,0,1,2,0,1,0,0,1,1,0,,,,
003/KVq6If6ozMY.mp4/0260_0203_0002_Person0.mp4,0260_0203_0002,,0.542,1,1,0,sad,1,0,0,1,0,1,0,0,0,0,0,,,,
003/KVq6If6ozMY.mp4/0352_0202_0002_Person0.mp4,0352_0202_0002,,0.703,1,1,0,sad,0,0,1,1,0,1,0,0,0,0,0,,,,
003/KVq6If6ozMY.mp4/0374_0158_0002_Person1.mp4,0374_0158_0002,,0.394,1,1,1,sad,0,0,1,1,0,0,0,0,0,0,0,,,,
003/KVq6If6ozMY.mp4/0468_0238_0001_Person0.mp4,0468_0238_0001,,0.704,1,1,0,sad,1,0,1,1,0,0,0,0,0,0,0,,,,
003/KVq6If6ozMY.mp4/0565_0237_0002_Person0.mp4,0565_0237_0002,,0.712,1,1,0,sad,0,0,1,1,0,1,0,0,0,0,0,,,,
003/KVq6If6ozMY.mp4/0565_0237_0002_Person1.mp4,0565_0237_0002,,0.712,1,1,1,sad,0,0,1,1,0,0,0,0,0,0,0,,,,
003/KVq6If6ozMY.mp4/0581_0196_0002_Person1.mp4,0581_0196_0002,,0.751,1,0,1,,,,,,,,,,,,,same person as 0565_0237_0002,,,
003/KVq6If6ozMY.mp4/0614_0113_0001_Person0.mp4,0614_0113_0001,,0.405,1,1,0,sad,0,0,0,1,0,1,0,0,0,0,0,,,,
003/KVq6If6ozMY.mp4/0659_0130_0001_Person0.mp4,0659_0130_0001,,0.472,1,1,0,sad,1,0,1,2,0,0,0,0,0,0,0,,,,
003/KWoSGtglCms.mp4/0348_0290_0002_Person0.mp4,0348_0290_0002,,1.190,1,1,0,sad,0,0,1,1,0,0,0,0,0,1,0,,,,
003/l2XO3tQk8lI.mp4/0160_0123_0002_Person1.mp4,0160_0123_0002,,0.813,1,1,1,sad,0,0,0,1,0,0,0,0,0,0,0,,,,
003/lDmLcWWBp1E.mp4/0190_0150_0002_Person0.mp4,0190_0150_0002,,0.705,1,1,0,sad,0,0,4,0,0,0,0,1,0,2,0,,,,
003/lDmLcWWBp1E.mp4/0193_0119_0001_Person0.mp4,0193_0119_0001,,0.605,1,1,0,sad,0,0,1,1,0,1,0,0,0,0,0,,,,
003/lDmLcWWBp1E.mp4/0356_0238_0004_Person1.mp4,0356_0238_0004,,1.170,,,1,,,,,,,,,,,,,,,,
003/lDmLcWWBp1E.mp4/0555_0140_0001_Person0.mp4,0555_0140_0001,,0.565,1,1,0,sad,0,0,0,1,0,0,0,0,0,0,0,,,,
003/lDmLcWWBp1E.mp4/0698_0223_0002_Person0.mp4,0698_0223_0002,,0.828,1,1,0,sad,1,0,1,1,0,0,0,0,0,0,0,,,,
003/lDmLcWWBp1E.mp4/0699_0278_0001_Person0.mp4,0699_0278_0001,,0.931,1,0,0,,,,,,,,,,,,,same person as 0698_0223_0002,,,
003/lT1zdTL-3SM.mp4/0105_0276_0003_Person1.mp4,0105_0276_0003,,0.890,1,1,1,sad,0,0,1,1,0,0,0,0,0,1,0,,,,
003/lT1zdTL-3SM.mp4/0174_0180_0003_Person1.mp4,0174_0180_0003,,0.614,1,1,1,sad,1,0,1,1,0,0,0,0,0,1,0,,,,
003/lT1zdTL-3SM.mp4/0326_0223_0002_Person0.mp4,0326_0223_0002,,0.728,1,1,0,sad,0,0,2,2,0,0,0,1,0,1,0,,,,
003/lT1zdTL-3SM.mp4/0532_0253_0002_Person1.mp4,0532_0253_0002,,0.655,1,1,1,sad,2,0,1,1,0,0,0,0,0,0,0,,,,
003/lT1zdTL-3SM.mp4/0616_0253_0001_Person0.mp4,0616_0253_0001,,0.694,1,1,0,other,0,0,0,1,0,0,0,1,1,1,0,,,,
003/lT1zdTL-3SM.mp4/0700_0137_0002_Person0.mp4,0700_0137_0002,,0.609,1,1,0,sad,0,1,0,1,0,2,0,0,0,0,0,,,,
003/lT1zdTL-3SM.mp4/0700_0137_0002_Person1.mp4,0700_0137_0002,,0.609,1,1,1,sad,0,1,0,1,0,2,0,0,0,0,0,,,,
003/lWXhqIAvarw.mp4/0211_0190_0002_Person1.mp4,0211_0190_0002,,2.000,1,1,1,sad,1,0,1,1,0,0,0,0,0,0,0,,,,
003/lWXhqIAvarw.mp4/0242_0240_0003_Person0.mp4,0242_0240_0003,,3.000,,,0,,,,,,,,,,,,,,,,
003/lWXhqIAvarw.mp4/0242_0240_0003_Person2.mp4,0242_0240_0003,,3.000,,,2,,,,,,,,,,,,,,,,
003/lWXhqIAvarw.mp4/0450_0140_0001_Person0.mp4,0450_0140_0001,,1.620,1,1,0,sad,1,1,1,1,0,0,0,0,0,0,0,,,,
003/ly1upu2FNTs.mp4/0230_0153_0001_Person0.mp4,0230_0153_0001,,0.475,1,1,0,happy,0,0,0,0,0,0,0,0,1,1,0,,,,
003/ly1upu2FNTs.mp4/0242_0259_0003_Person2.mp4,0242_0259_0003,,0.612,1,1,2,happy,0,0,0,0,0,0,0,0,1,1,0,,,,
003/Ma2hgTmveKQ.mp4/0268_0218_0002_Person0.mp4,268_0218_0002,,0.691,1,1,0,happy,0,0,0,0,0,2,0,0,1,1,0,,,,
003/Ma2hgTmveKQ.mp4/0343_0291_0002_Person0.mp4,0343_0291_0002,,1.500,,,0,,,,,,,,,,,,,,,,
003/Ma2hgTmveKQ.mp4/0411_0249_0002_Person0.mp4,0411_0249_0002,,1.680,,,0,,,,,,,,,,,,,,,,
003/N7baJsMszJ0.mp4/0064_0161_0001_Person0.mp4,0064_0161_0001,,0.525,1,1,0,sad,0,0,2,1,0,0,0,0,0,1,0,,,,
003/N7baJsMszJ0.mp4/0144_0109_0004_Person0.mp4,0144_0109_0004,,0.489,1,1,0,sad,0,0,1,1,0,0,0,0,0,0,0,,,,
003/N7baJsMszJ0.mp4/0218_0180_0003_Person2.mp4,0218_0180_0003,,1.160,1,1,2,sad,0,3,2,1,0,1,0,0,1,0,0,,,,
003/N7baJsMszJ0.mp4/0259_0105_0001_Person0.mp4,0259_0105_0001,,0.776,1,1,0,sad,0,0,0,1,0,2,0,0,0,0,0,,,,
003/N7baJsMszJ0.mp4/0338_0170_0002_Person0.mp4,0338_0170_0002,,0.649,1,1,0,sad,0,0,2,0,0,1,0,0,0,1,0,,,,
003/N7baJsMszJ0.mp4/0520_0134_0001_Person0.mp4,0520_0134_0001,,0.706,1,1,0,happy,0,0,0,0,0,0,0,0,0,1,0,,,,
003/N7baJsMszJ0.mp4/0673_0140_0001_Person0.mp4,0673_0140_0001,,0.570,1,1,0,sad,0,0,2,2,0,1,0,0,0,0,0,,,,
003/NEQ7Wpf-EtI.mp4/0051_0149_0002_Person0.mp4,0051_0149_0002,,0.552,1,1,0,sad,0,0,0,1,0,0,0,0,0,0,0,,,,
003/NEQ7Wpf-EtI.mp4/0213_0108_0002_Person0.mp4,0213_0108_0002,,0.810,1,1,0,sad,0,0,2,1,0,0,0,0,0,1,0,,,,
003/NEQ7Wpf-EtI.mp4/0260_0186_0002_Person0.mp4,0260_0186_0002,,0.942,1,1,0,sad,0,0,1,1,0,0,0,0,0,0,0,,,,
003/NEQ7Wpf-EtI.mp4/0260_0186_0002_Person1.mp4,0260_0186_0002,,0.942,1,1,1,sad,0,0,1,1,0,1,0,0,0,0,0,,,,
003/NEQ7Wpf-EtI.mp4/0370_0246_0001_Person0.mp4,0370_0246_0001,,1.660,,,0,,,,,,,,,,,,,,,,
003/NEQ7Wpf-EtI.mp4/0586_0108_0002_Person0.mp4,0586_0108_0002,,1.330,1,1,0,sad,0,0,0,1,0,2,0,0,0,0,0,,,,
003/NEQ7Wpf-EtI.mp4/0586_0108_0002_Person1.mp4,0586_0108_0002,,1.330,1,1,1,sad,0,2,1,2,0,3,0,0,1,1,0,,,,
003/NEQ7Wpf-EtI.mp4/0777_0119_0001_Person0.mp4,0777_0119_0001,,1.590,1,1,0,sad,0,0,3,3,0,0,0,0,0,1,0,,,,
003/NEQ7Wpf-EtI.mp4/0808_0122_0008_Person0.mp4,0808_0122_0008,,1.190,1,0,0,,,,,,,,,,,,,no movement could analize person 1,,,
003/NEQ7Wpf-EtI.mp4/0826_0137_0002_Person1.mp4,0826_0137_0002,,1.470,1,1,1,sad,0,0,2,2,0,2,0,0,0,0,0,,,,
003/NEQ7Wpf-EtI.mp4/0854_0200_0003_Person2.mp4,0854_0200_0003,,1.220,1,1,2,sad,0,0,0,1,0,0,0,0,0,0,0,,,,
003/NEQ7Wpf-EtI.mp4/0856_0117_0002_Person0.mp4,0856_0117_0002,,0.562,1,1,0,sad,0,0,1,1,0,0,0,0,0,1,0,,,,
003/O_NYCUhZ9zw.mp4/0140_0129_0002_Person0.mp4,0140_0129_0002,,0.392,1,1,0,sad,0,0,1,1,0,0,0,0,0,0,0,,,,
003/oD_wxyTHJ2I.mp4/0063_0298_0002_Person1.mp4,0063_0298_0002,,1.230,,,1,,,,,,,,,,,,,,,,
003/oD_wxyTHJ2I.mp4/0247_0113_0002_Person1.mp4,0247_0113_0002,,0.658,1,1,1,sad,0,0,2,1,0,0,0,0,0,1,0,,,,
003/oD_wxyTHJ2I.mp4/0527_0150_0001_Person0.mp4,0527_0150_0001,,0.665,1,1,0,sad,0,0,1,1,0,0,0,0,0,0,0,,,,
003/oD_wxyTHJ2I.mp4/0542_0259_0002_Person0.mp4,0542_0259_0002,,1.110,,,0,,,,,,,,,,,,,,,,
003/oD_wxyTHJ2I.mp4/0570_0135_0001_Person0.mp4,0570_0135_0001,,0.372,1,1,0,sad,2,0,1,2,0,0,0,0,0,1,0,,,,
003/oD_wxyTHJ2I.mp4/0581_0149_0001_Person0.mp4,0581_0149_0001,,0.573,1,1,0,sad,0,1,0,1,0,1,0,0,0,0,0,,,,
003/oD_wxyTHJ2I.mp4/0595_0100_0002_Person0.mp4,0595_0100_0002,,0.344,1,1,0,sad,0,0,1,0,0,0,0,0,0,0,0,,,,
003/oD_wxyTHJ2I.mp4/0612_0112_0001_Person0.mp4,0612_0112_0001,,0.369,1,1,0,sad,0,0,1,1,0,0,0,0,0,0,0,,,,
003/oD_wxyTHJ2I.mp4/0690_0167_0001_Person0.mp4,0690_0167_0001,,0.515,1,1,0,sad,1,1,1,1,0,0,0,0,0,0,0,,,,
003/oD_wxyTHJ2I.mp4/0715_0137_0002_Person1.mp4,0715_0137_0002,,0.798,1,1,1,sad,3,0,0,0,0,1,0,0,0,0,0,,,,
003/oD_wxyTHJ2I.mp4/0920_0133_0002_Person0.mp4,0920_0133_0002_,,0.527,1,1,0,sad,0,0,0,1,0,0,0,0,0,1,0,,,,
003/OfMdakd4bHI.mp4/0095_0116_0002_Person1.mp4,003/OfMdakd4bHI.mp4/0095_0116_0002_Person1.mp4,,0.505,1,1,1,sad,0,1,0,0,0,0,0,0,0,0,0,,,,
003/OfMdakd4bHI.mp4/0276_0166_0001_Person0.mp4,003/OfMdakd4bHI.mp4/0276_0166_0001_Person0.mp4,,0.805,1,1,0,sad,0,0,2,2,0,1,0,0,0,1,0,,,,
003/OfMdakd4bHI.mp4/0302_0174_0002_Person0.mp4,003/OfMdakd4bHI.mp4/0302_0174_0002_Person0.mp4,,0.830,1,1,0,sad,0,0,2,1,0,1,0,1,0,1,0,,,,
003/OGNnUvJq9RI.mp4/0289_0164_0002_Person0.mp4,003/OGNnUvJq9RI.mp4/0289_0164_0002_Person0.mp4,,1.240,1,1,0,happy,0,0,0,0,0,1,0,0,0,1,0,,,,
003/OGNnUvJq9RI.mp4/0527_0109_0002_Person1.mp4,003/OGNnUvJq9RI.mp4/0527_0109_0002_Person1.mp4,,0.606,1,1,1,sad,0,0,1,1,0,0,0,0,0,0,0,,,,
003/OGNnUvJq9RI.mp4/0577_0265_0004_Person2.mp4,003/OGNnUvJq9RI.mp4/0577_0265_0004_Person2.mp4,,0.867,1,1,2,sad,4,0,0,0,0,0,0,0,2,0,0,,,,
003/OGNnUvJq9RI.mp4/0586_0202_0005_Person2.mp4,003/OGNnUvJq9RI.mp4/0586_0202_0005_Person2.mp4,,0.635,1,0,2,,,,,,,,,,,,,no movement,,,
003/OGNnUvJq9RI.mp4/0586_0202_0005_Person3.mp4,003/OGNnUvJq9RI.mp4/0586_0202_0005_Person3.mp4,,0.635,1,1,3,sad,1,0,1,1,0,0,0,0,0,0,0,,,,
003/OGNnUvJq9RI.mp4/0586_0202_0005_Person4.mp4,003/OGNnUvJq9RI.mp4/0586_0202_0005_Person4.mp4,,0.635,1,1,4,sad,3,0,0,0,0,0,0,0,2,1,0,,,,
003/OGNnUvJq9RI.mp4/0590_0122_0005_Person0.mp4,003/OGNnUvJq9RI.mp4/0590_0122_0005_Person0.mp4,,0.435,1,1,0,sad,1,0,1,1,0,0,0,0,1,1,0,,,,
003/OGNnUvJq9RI.mp4/0590_0122_0005_Person2.mp4,003/OGNnUvJq9RI.mp4/0590_0122_0005_Person2.mp4,,0.435,1,1,2,sad,1,0,2,2,0,0,0,0,0,0,0,,,,
003/OGNnUvJq9RI.mp4/0590_0122_0005_Person3.mp4,003/OGNnUvJq9RI.mp4/0590_0122_0005_Person3.mp4,,0.435,1,1,3,sad,1,0,1,1,0,0,0,0,0,0,0,,,,
003/OGNnUvJq9RI.mp4/0590_0122_0005_Person4.mp4,003/OGNnUvJq9RI.mp4/0590_0122_0005_Person4.mp4,,0.435,1,0,4,,,,,,,,,,,,,no movement,,,
003/OGNnUvJq9RI.mp4/0711_0186_0002_Person1.mp4,003/OGNnUvJq9RI.mp4/0711_0186_0002_Person1.mp4,,0.628,0,0,1,,,,,,,,,,,,,,,,
003/OGNnUvJq9RI.mp4/0728_0272_0001_Person0.mp4,,,,,,,,,,,,,,,,,,,,,,
003/OGNnUvJq9RI.mp4/0774_0108_0003_Person2.mp4,003/OGNnUvJq9RI.mp4/0774_0108_0003_Person2.mp4,,0.740,1,1,2,sad,0,0,1,3,0,0,0,0,0,0,0,,,,
003/OGNnUvJq9RI.mp4/0862_0263_0001_Person0.mp4,,,,,,,,,,,,,,,,,,,,,,
003/OGNnUvJq9RI.mp4/0866_0145_0001_Person0.mp4,003/OGNnUvJq9RI.mp4/0866_0145_0001_Person0.mp4,,2.240,1,1,0,sad,0,0,2,2,0,1,0,0,0,0,0,,,,
003/oq_bufAhyl8.mp4/0153_0103_0002_Person0.mp4,003/oq_bufAhyl8.mp4/0153_0103_0002_Person0.mp4,,0.391,1,1,0,sad,1,0,0,1,0,0,0,0,0,1,0,,,,
003/oq_bufAhyl8.mp4/0156_0131_0002_Person0.mp4,003/oq_bufAhyl8.mp4/0156_0131_0002_Person0.mp4,,0.491,1,0,0,,,,,,,,,,,,,same person as 003/oq_bufAhyl8.mp4/0153_0103_0002_Person0.mp4,,,
003/oq_bufAhyl8.mp4/0371_0100_0003_Person0.mp4,003/oq_bufAhyl8.mp4/0371_0100_0003_Person0.mp4,,0.399,1,1,0,sad,1,0,1,1,0,0,0,0,0,0,0,,,,
003/oq_bufAhyl8.mp4/0386_0101_0002_Person1.mp4,003/oq_bufAhyl8.mp4/0386_0101_0002_Person1.mp4,,0.336,1,1,1,sad,0,1,1,1,0,1,0,0,0,0,0,,,,
003/Ov0za6Xb1LM.mp4/0051_0202_0002_Person1.mp4,003/Ov0za6Xb1LM.mp4/0051_0202_0002_Person1.mp4,,3.870,1,1,1,sad,0,0,2,2,0,0,0,0,0,1,0,,,,
003/Ov0za6Xb1LM.mp4/0069_0230_0001_Person0.mp4,,,,,,,,,,,,,,,,,,,,,,
003/Ov0za6Xb1LM.mp4/0112_0268_0002_Person0.mp4,,,,,,,,,,,,,,,,,,,,,,
003/Ov0za6Xb1LM.mp4/0513_0263_0002_Person0.mp4,,,,,,,,,,,,,,,,,,,,,,
003/Ov0za6Xb1LM.mp4/0513_0263_0002_Person1.mp4,,,,,,,,,,,,,,,,,,,,,,
003/Ov0za6Xb1LM.mp4/0569_0165_0001_Person0.mp4,003/Ov0za6Xb1LM.mp4/0569_0165_0001_Person0.mp4,,1.290,1,1,0,sad,0,0,4,1,0,0,0,0,0,0,0,,,,
003/Ov0za6Xb1LM.mp4/0572_0209_0002_Person0.mp4,003/Ov0za6Xb1LM.mp4/0572_0209_0002_Person0.mp4,,2.210,1,1,0,sad,0,0,2,1,0,0,0,0,0,0,0,,,,
003/Ov0za6Xb1LM.mp4/0572_0209_0002_Person1.mp4,003/Ov0za6Xb1LM.mp4/0572_0209_0002_Person1.mp4,,2.210,1,1,1,happy,0,0,0,0,0,1,0,0,2,2,0,,,,
003/Ov0za6Xb1LM.mp4/0576_0214_0001_Person0.mp4,,,,,,,,,,,,,,,,,,,,,,
003/Ov0za6Xb1LM.mp4/0590_0164_0001_Person0.mp4,003/Ov0za6Xb1LM.mp4/0590_0164_0001_Person0.mp4,,2.230,1,1,0,sad,0,0,0,1,0,0,0,0,0,0,0,,,,
003/Ov0za6Xb1LM.mp4/0635_0169_0001_Person0.mp4,003/Ov0za6Xb1LM.mp4/0635_0169_0001_Person0.mp4,,1.790,1,1,0,sad,2,0,1,1,0,0,0,0,0,0,0,,,,
003/P90hF2S1JzA.mp4/0001_0124_0002_Person1.mp4,003/P90hF2S1JzA.mp4/0001_0124_0002_Person1.mp4,,0.725,1,1,1,sad,1,1,1,1,0,0,0,0,0,0,0,,,,
003/P90hF2S1JzA.mp4/0084_0145_0001_Person0.mp4,003/P90hF2S1JzA.mp4/0084_0145_0001_Person0.mp4,,0.599,1,1,0,sad,0,0,1,1,0,0,0,0,0,0,0,,,,
003/P90hF2S1JzA.mp4/0095_0127_0001_Person0.mp4,003/P90hF2S1JzA.mp4/0113_0129_0001_Person0.mp4,,0.590,1,1,0,happy,0,0,1,0,0,0,0,1,1,1,0,,,,
003/P90hF2S1JzA.mp4/0113_0129_0001_Person0.mp4,003/P90hF2S1JzA.mp4/0113_0129_0001_Person0.mp4,,0.973,1,1,0,happy,0,0,0,0,0,0,0,0,1,1,0,,,,
003/P90hF2S1JzA.mp4/0146_0128_0002_Person0.mp4,003/P90hF2S1JzA.mp4/0146_0128_0002_Person0.mp4,,0.691,1,1,0,sad,1,0,1,1,0,0,0,0,1,0,0,,,,
003/P90hF2S1JzA.mp4/0146_0128_0002_Person1.mp4,003/P90hF2S1JzA.mp4/0146_0128_0002_Person1.mp4,,0.691,1,1,1,sad,1,1,1,1,0,0,0,0,1,1,0,,,,
003/P90hF2S1JzA.mp4/0163_0196_0001_Person0.mp4,003/P90hF2S1JzA.mp4/0163_0196_0001_Person0.mp4,,1.750,1,1,0,sad,1,2,2,1,0,0,0,0,0,0,0,,,,
003/P90hF2S1JzA.mp4/0236_0119_0003_Person0.mp4,003/P90hF2S1JzA.mp4/0236_0119_0003_Person0.mp4,,0.553,1,1,0,sad,0,0,2,2,0,1,0,0,0,0,0,,,,
003/P90hF2S1JzA.mp4/0278_0111_0001_Person0.mp4,003/P90hF2S1JzA.mp4/0278_0111_0001_Person0.mp4,,0.924,1,1,0,sad,1,0,1,1,0,1,0,1,0,0,0,,,,
003/P90hF2S1JzA.mp4/0313_0200_0002_Person0.mp4,003/P90hF2S1JzA.mp4/0313_0200_0002_Person0.mp4,,0.950,1,1,0,sad,0,0,0,1,0,0,0,0,0,0,0,,,,
003/P90hF2S1JzA.mp4/0313_0200_0002_Person1.mp4,003/P90hF2S1JzA.mp4/0313_0200_0002_Person1.mp4,,0.950,1,1,1,sad,1,0,1,1,0,0,0,0,0,0,0,,,,
003/P90hF2S1JzA.mp4/0318_0131_0001_Person0.mp4,003/P90hF2S1JzA.mp4/0318_0131_0001_Person0.mp4,,1.060,1,1,0,happy,0,0,0,0,0,0,1,0,0,1,0,,,,
003/P90hF2S1JzA.mp4/0322_0295_0001_Person0.mp4,,,,,,,,,,,,,,,,,,,,,,
003/P90hF2S1JzA.mp4/0345_0100_0002_Person0.mp4,003/P90hF2S1JzA.mp4/0345_0100_0002_Person0.mp4,,0.538,1,1,0,sad,3,0,1,1,0,0,0,0,0,0,0,,,,
003/P90hF2S1JzA.mp4/0345_0100_0002_Person1.mp4,003/P90hF2S1JzA.mp4/0345_0100_0002_Person1.mp4,,0.538,1,1,1,sad,0,0,1,1,0,0,0,,0,0,0,,,,
003/P90hF2S1JzA.mp4/0364_0278_0002_Person0.mp4,,,,,,,,,,,,,,,,,,,,,,
003/P90hF2S1JzA.mp4/0364_0278_0002_Person1.mp4,,,,,,,,,,,,,,,,,,,,,,
003/P90hF2S1JzA.mp4/0428_0137_0002_Person0.mp4,003/P90hF2S1JzA.mp4/0428_0137_0002_Person0.mp4,,0.523,1,1,0,sad,0,0,0,1,0,0,0,0,0,0,0,,,,
003/P90hF2S1JzA.mp4/0555_0170_0001_Person0.mp4,003/P90hF2S1JzA.mp4/0555_0170_0001_Person0.mp4,,0.526,1,1,0,sad,1,0,1,1,0,0,0,0,0,1,0,,,,
003/P90hF2S1JzA.mp4/0640_0149_0001_Person0.mp4,003/P90hF2S1JzA.mp4/0640_0149_0001_Person0.mp4,,0.410,1,1,0,sad,0,0,1,1,0,1,0,0,0,0,0,,,,
003/P90hF2S1JzA.mp4/0679_0114_0002_Person0.mp4,003/P90hF2S1JzA.mp4/0679_0114_0002_Person0.mp4,,0.871,1,0,0,,,,,,,,,,,,,no movement,,,
003/P90hF2S1JzA.mp4/0701_0100_0002_Person0.mp4,003/P90hF2S1JzA.mp4/0701_0100_0002_Person0.mp4,,0.415,1,1,0,neutral,0,0,0,1,0,1,0,0,0,1,0,,,,
003/P90hF2S1JzA.mp4/0891_0180_0001_Person0.mp4,003/P90hF2S1JzA.mp4/0891_0180_0001_Person0.mp4,,0.652,1,1,0,sad,0,0,1,1,0,1,0,0,0,0,0,,,,
003/P90hF2S1JzA.mp4/0938_0157_0001_Person0.mp4,003/P90hF2S1JzA.mp4/0938_0157_0001_Person0.mp4,,0.742,1,1,0,sad,0,0,1,1,0,0,0,0,0,0,0,,,,
003/P90hF2S1JzA.mp4/0985_0221_0001_Person0.mp4,003/P90hF2S1JzA.mp4/0985_0221_0001_Person0.mp4,,0.533,1,1,0,sad,2,0,1,1,0,0,0,0,0,0,0,,,,
003/P90hF2S1JzA.mp4/0995_0295_0002_Person0.mp4,003/P90hF2S1JzA.mp4/0995_0295_0002_Person0.mp4,,0.905,1,1,0,sad,2,0,1,1,0,0,0,0,1,0,0,,,,
003/P90hF2S1JzA.mp4/1032_0123_0001_Person0.mp4,003/P90hF2S1JzA.mp4/1032_0123_0001_Person0.mp4,,0.768,1,1,0,sad,0,0,1,1,0,0,0,0,0,0,0,,,,
003/P90hF2S1JzA.mp4/1036_0137_0001_Person0.mp4,003/P90hF2S1JzA.mp4/1036_0137_0001_Person0.mp4,,0.987,1,1,0,sad,0,0,2,2,0,0,0,0,0,0,0,,,,
003/P90hF2S1JzA.mp4/1051_0171_0001_Person0.mp4,003/P90hF2S1JzA.mp4/1051_0171_0001_Person0.mp4,,0.589,0,0,0,,,,,,,,,,,,,,,,
003/P90hF2S1JzA.mp4/1075_0162_0001_Person0.mp4,003/P90hF2S1JzA.mp4/1075_0162_0001_Person0.mp4,,0.756,1,1,0,sad,0,0,1,1,0,0,0,0,0,0,0,,,,
003/phrYEKv0rmw.mp4/0009_0102_0003_Person2.mp4,003/phrYEKv0rmw.mp4/0009_0102_0003_Person2.mp4,,0.338,1,1,2,sad,0,0,2,1,0,0,0,0,0,0,0,,,,
003/phrYEKv0rmw.mp4/0056_0120_0002_Person1.mp4,003/phrYEKv0rmw.mp4/0056_0120_0002_Person1.mp4,,0.929,1,1,1,sad,2,0,1,1,0,1,0,0,0,0,0,,,,
003/phrYEKv0rmw.mp4/0169_0109_0002_Person1.mp4,003/phrYEKv0rmw.mp4/0169_0109_0002_Person1.mp4,,0.549,1,1,1,sad,0,0,2,1,0,0,0,0,0,1,0,,,,
003/phrYEKv0rmw.mp4/0178_0238_0002_Person0.mp4,003/phrYEKv0rmw.mp4/0178_0238_0002_Person0.mp4,,0.842,1,1,0,sad,0,0,1,1,0,0,0,0,0,0,0,,,,
003/phrYEKv0rmw.mp4/0313_0116_0001_Person0.mp4,003/phrYEKv0rmw.mp4/0313_0116_0001_Person0.mp4,,0.609,1,1,0,sad,0,0,1,2,0,0,0,0,0,1,0,,,,
003/phrYEKv0rmw.mp4/0364_0275_0001_Person0.mp4,003/phrYEKv0rmw.mp4/0364_0275_0001_Person0.mp4,,0.948,1,1,0,sad,0,0,3,1,0,0,0,0,0,1,0,,,,
003/phrYEKv0rmw.mp4/0409_0114_0004_Person3.mp4,003/phrYEKv0rmw.mp4/0409_0114_0004_Person3.mp4,,0.734,1,1,3,other,0,0,0,0,0,1,0,0,0,0,0,,,,
003/phrYEKv0rmw.mp4/0485_0212_0002_Person1.mp4,003/phrYEKv0rmw.mp4/0485_0212_0002_Person1.mp4,,0.980,1,1,1,sad,0,0,0,1,0,0,0,0,0,0,0,,,,
003/phrYEKv0rmw.mp4/0494_0264_0004_Person1.mp4,,,,,,,,,,,,,,,,,,,,,,
003/phrYEKv0rmw.mp4/0581_0167_0006_Person1.mp4,003/phrYEKv0rmw.mp4/0581_0167_0006_Person1.mp4,,1.230,1,1,1,sad,0,0,1,1,0,0,0,0,1,0,0,,,,
003/phrYEKv0rmw.mp4/0581_0167_0006_Person2.mp4,003/phrYEKv0rmw.mp4/0581_0167_0006_Person2.mp4,,1.230,1,1,2,sad,0,0,0,1,0,0,0,0,0,0,0,,,,
003/phrYEKv0rmw.mp4/0581_0167_0006_Person4.mp4,003/phrYEKv0rmw.mp4/0581_0167_0006_Person4.mp4,,1.230,1,1,4,sad,1,0,2,3,0,0,0,0,0,0,0,,,,
003/phrYEKv0rmw.mp4/0581_0167_0006_Person5.mp4,003/phrYEKv0rmw.mp4/0581_0167_0006_Person5.mp4,,1.230,1,1,5,other,0,0,0,1,0,0,0,0,0,1,0,,,,
003/phrYEKv0rmw.mp4/0582_0113_0002_Person0.mp4,003/phrYEKv0rmw.mp4/0582_0113_0002_Person0.mp4,,0.817,1,1,0,sad,3,0,0,0,0,1,0,0,0,0,0,,,,
003/phrYEKv0rmw.mp4/0702_0181_0003_Person0.mp4,003/phrYEKv0rmw.mp4/0702_0181_0003_Person0.mp4,,0.895,1,1,0,sad,1,0,1,1,0,0,0,0,0,0,0,,,,
003/phrYEKv0rmw.mp4/0715_0211_0007_Person3.mp4,,,,,,,,,,,,,,,,,,,,,,
003/phrYEKv0rmw.mp4/0732_0101_0002_Person1.mp4,003/phrYEKv0rmw.mp4/0732_0101_0002_Person1.mp4,,0.748,1,1,1,sad,0,0,2,2,0,1,0,0,0,0,0,,,,
003/phrYEKv0rmw.mp4/0803_0116_0001_Person0.mp4,003/phrYEKv0rmw.mp4/0803_0116_0001_Person0.mp4,,0.630,1,1,0,sad,0,0,2,1,0,0,0,0,0,1,0,,,,
003/phrYEKv0rmw.mp4/0814_0180_0001_Person0.mp4,,,,,,,,,,,,,,,,,,,,,,
003/phrYEKv0rmw.mp4/0825_0136_0002_Person1.mp4,003/phrYEKv0rmw.mp4/0825_0136_0002_Person1.mp4,,0.533,1,1,1,sad,0,0,2,1,0,0,0,0,0,1,0,,,,
003/phrYEKv0rmw.mp4/0827_0192_0002_Person0.mp4,003/phrYEKv0rmw.mp4/0827_0192_0002_Person0.mp4,,1.020,1,1,0,sad,0,0,1,0,0,0,0,0,0,0,0,,,,
003/phrYEKv0rmw.mp4/0906_0111_0002_Person0.mp4,003/phrYEKv0rmw.mp4/0906_0111_0002_Person0.mp4,,0.449,1,1,0,sad,0,0,1,1,0,0,0,0,0,0,0,,,,
003/PNZQ2UJfyQE.mp4/0372_0109_0001_Person0.mp4,003/PNZQ2UJfyQE.mp4/0372_0109_0001_Person0.mp4,,0.660,1,1,0,sad,0,0,0,2,0,2,0,0,0,1,0,,,,
003/QMwT7DFA5O4.mp4/0235_0114_0001_Person0.mp4,003/QMwT7DFA5O4.mp4/0235_0114_0001_Person0.mp4,,1.020,1,1,0,sad,0,0,0,1,0,0,0,0,0,1,0,,,,
003/QMwT7DFA5O4.mp4/0653_0109_0001_Person0.mp4,003/QMwT7DFA5O4.mp4/0653_0109_0001_Person0.mp4,,0.751,1,1,0,sad,0,0,2,2,0,0,0,0,0,1,0,,,,
003/QMwT7DFA5O4.mp4/0828_0185_0001_Person0.mp4,003/QMwT7DFA5O4.mp4/0828_0185_0001_Person0.mp4,,1.260,1,1,0,sad,0,1,4,3,0,0,0,0,0,1,0,,,,
003/qrkff49p4E4.mp4/0096_0125_0001_Person0.mp4,003/qrkff49p4E4.mp4/0096_0125_0001_Person0.mp4,,0.752,1,1,0,sad,0,0,2,2,0,1,0,0,0,0,0,,,,
003/qrkff49p4E4.mp4/0205_0122_0003_Person1.mp4,003/qrkff49p4E4.mp4/0205_0122_0003_Person1.mp4,,0.641,1,1,1,sad,1,1,0,1,0,0,0,0,0,0,0,,,,
003/qrkff49p4E4.mp4/0310_0126_0001_Person0.mp4,003/qrkff49p4E4.mp4/0310_0126_0001_Person0.mp4,,0.888,1,1,0,sad,0,0,0,1,0,1,0,0,0,0,0,,,,
003/qrkff49p4E4.mp4/0323_0128_0001_Person0.mp4,003/qrkff49p4E4.mp4/0323_0128_0001_Person0.mp4,,0.770,1,1,0,sad,0,0,2,1,0,0,0,0,0,0,0,,,,
003/qrkff49p4E4.mp4/0397_0146_0002_Person0.mp4,003/qrkff49p4E4.mp4/0397_0146_0002_Person0.mp4,,0.674,1,1,0,sad,0,0,0,1,0,0,0,0,0,0,0,,,,
003/qrkff49p4E4.mp4/0540_0233_0001_Person0.mp4,,,,,,,,,,,,,,,,,,,,,,
003/qrkff49p4E4.mp4/0634_0196_0002_Person0.mp4,003/qrkff49p4E4.mp4/0634_0196_0002_Person0.mp4,,2.260,1,1,0,sad,0,0,0,2,0,1,0,0,0,0,0,,,,
003/qrkff49p4E4.mp4/0706_0274_0002_Person0.mp4,,,,,,,,,,,,,,,,,,,,,,
003/r2llOyS-BmE.mp4/0362_0230_0001_Person0.mp4,,,,,,,,,,,,,,,,,,,,,,
003/r2llOyS-BmE.mp4/0413_0230_0002_Person0.mp4,003/r2llOyS-BmE.mp4/0413_0230_0002_Person0.mp4,,0.937,1,1,0,other,0,2,0,0,0,1,0,0,2,3,0,,,,
003/r2llOyS-BmE.mp4/0477_0195_0002_Person1.mp4,003/r2llOyS-BmE.mp4/0477_0195_0002_Person1.mp4,,1.190,1,1,1,sad,0,0,1,1,0,1,0,1,0,0,0,,,,
003/r2llOyS-BmE.mp4/0554_0126_0002_Person0.mp4,003/r2llOyS-BmE.mp4/0554_0126_0002_Person0.mp4,,0.748,1,1,0,sad,0,0,1,1,0,1,0,0,1,0,0,,,,
003/r2llOyS-BmE.mp4/0556_0207_0002_Person0.mp4,003/r2llOyS-BmE.mp4/0556_0207_0002_Person0.mp4,,1.180,1,1,0,sad,0,0,2,2,0,0,0,0,0,0,0,,,,
003/r2llOyS-BmE.mp4/0556_0207_0002_Person1.mp4,003/r2llOyS-BmE.mp4/0556_0207_0002_Person1.mp4,,1.180,1,1,1,sad,0,0,1,2,0,0,0,0,0,0,0,,,,
003/rFgb2ECMcrY.mp4/0226_0114_0003_Person1.mp4,003/rFgb2ECMcrY.mp4/0226_0114_0003_Person1.mp4,,0.442,1,1,1,sad,0,2,0,1,0,0,0,0,0,0,0,,,,
003/rFgb2ECMcrY.mp4/0305_0132_0002_Person0.mp4,003/rFgb2ECMcrY.mp4/0305_0132_0002_Person0.mp4,,0.484,1,1,0,sad,0,0,1,1,0,1,0,0,1,0,0,,,,
003/rFgb2ECMcrY.mp4/0496_0123_0002_Person1.mp4,003/rFgb2ECMcrY.mp4/0496_0123_0002_Person1.mp4,,1.360,1,1,1,sad,0,2,1,1,0,0,0,0,0,0,0,,,,
003/rFgb2ECMcrY.mp4/0521_0146_0001_Person0.mp4,003/rFgb2ECMcrY.mp4/0521_0146_0001_Person0.mp4,,1.630,1,1,0,sad,0,2,1,1,0,0,0,0,0,1,0,,,,
003/rFgb2ECMcrY.mp4/0603_0195_0002_Person1.mp4,003/rFgb2ECMcrY.mp4/0603_0195_0002_Person1.mp4,,2.170,1,1,1,sad,0,1,0,1,0,2,0,0,1,0,0,,,,
003/rFgb2ECMcrY.mp4/0633_0105_0002_Person0.mp4,003/rFgb2ECMcrY.mp4/0633_0105_0002_Person0.mp4,,1.040,1,1,0,sad,0,0,1,1,0,1,0,0,0,1,0,,,,
003/rFgb2ECMcrY.mp4/0830_0139_0004_Person3.mp4,003/rFgb2ECMcrY.mp4/0830_0139_0004_Person3.mp4,,0.730,1,1,3,happy,0,0,0,0,0,2,0,0,0,0,0,,,,
003/rFgb2ECMcrY.mp4/0869_0188_0001_Person0.mp4,003/rFgb2ECMcrY.mp4/0869_0188_0001_Person0.mp4,,0.749,1,1,0,happy,0,0,0,0,2,4,1,2,0,2,0,,,,
003/rFgb2ECMcrY.mp4/0875_0115_0001_Person0.mp4,003/rFgb2ECMcrY.mp4/0875_0115_0001_Person0.mp4,,0.481,1,1,0,sad,2,0,2,2,0,0,0,0,0,0,0,,,,
003/rFgb2ECMcrY.mp4/0876_0121_0002_Person0.mp4,003/rFgb2ECMcrY.mp4/0876_0121_0002_Person0.mp4,,0.506,1,1,0,happy,0,0,0,0,0,0,0,0,0,3,0,,,,
003/rFgb2ECMcrY.mp4/0877_0236_0001_Person0.mp4,003/rFgb2ECMcrY.mp4/0877_0236_0001_Person0.mp4,,0.898,1,1,0,sad,2,0,2,2,0,0,0,0,0,0,0,,,,
003/rFgb2ECMcrY.mp4/0878_0110_0001_Person0.mp4,003/rFgb2ECMcrY.mp4/0878_0110_0001_Person0.mp4,,0.456,1,0,0,,,,,,,,,,,,,same person as 003/rFgb2ECMcrY.mp4/0878_0110_0001_Person0.mp4,,,
003/rJKeqfTlAeY.mp4/0097_0111_0002_Person1.mp4,003/rJKeqfTlAeY.mp4/0097_0111_0002_Person1.mp4,,2.710,1,1,1,happy,0,0,0,0,0,3,0,0,3,1,0,,,,
003/rJKeqfTlAeY.mp4/0213_0229_0001_Person0.mp4,,,,,,,,,,,,,,,,,,,,,,
003/rJKeqfTlAeY.mp4/0255_0183_0001_Person0.mp4,003/rJKeqfTlAeY.mp4/0255_0183_0001_Person0.mp4,,1.230,1,1,0,neutral,0,0,0,1,0,1,0,0,0,2,0,,,,
003/rJKeqfTlAeY.mp4/0392_0267_0002_Person1.mp4,,,,,,,,,,,,,,,,,,,,,,
003/rJKeqfTlAeY.mp4/0428_0295_0002_Person0.mp4,,,,,,,,,,,,,,,,,,,,,,
003/rJKeqfTlAeY.mp4/0433_0117_0003_Person2.mp4,003/rJKeqfTlAeY.mp4/0433_0117_0003_Person2.mp4,,1.490,1,1,2,happy,0,0,1,1,0,2,0,0,2,1,0,,,,
003/rJKeqfTlAeY.mp4/0451_0121_0002_Person1.mp4,003/rJKeqfTlAeY.mp4/0451_0121_0002_Person1.mp4,,1.370,1,1,1,sad,0,0,1,1,0,0,0,0,0,0,0,,,,
003/rJKeqfTlAeY.mp4/0490_0188_0002_Person1.mp4,003/rJKeqfTlAeY.mp4/0490_0188_0002_Person1.mp4,,2.520,1,1,1,happy,0,0,0,1,0,2,0,0,2,0,0,,,,
003/rJKeqfTlAeY.mp4/0504_0111_0001_Person0.mp4,003/rJKeqfTlAeY.mp4/0504_0111_0001_Person0.mp4,,1.520,1,1,0,happy,0,0,0,0,0,0,0,0,0,2,0,,,,
003/rUYsoIIE37A.mp4/0159_0217_0002_Person1.mp4,003/rUYsoIIE37A.mp4/0159_0217_0002_Person1.mp4,,0.883,1,1,1,happy,0,0,0,1,0,0,1,1,2,2,0,,,,
003/rUYsoIIE37A.mp4/0459_0175_0003_Person1.mp4,003/rUYsoIIE37A.mp4/0459_0175_0003_Person1.mp4,,0.657,1,0,1,,,,,,,,,,,,,no movement,,,
003/rUYsoIIE37A.mp4/0463_0237_0002_Person1.mp4,003/rUYsoIIE37A.mp4/0463_0237_0002_Person1.mp4,,0.819,1,1,1,sad,0,3,2,4,0,0,0,0,0,1,0,,,,
003/rUYsoIIE37A.mp4/0464_0156_0001_Person0.mp4,003/rUYsoIIE37A.mp4/0464_0156_0001_Person0.mp4,,0.532,1,1,0,sad,0,1,2,1,0,0,0,0,2,0,0,,,,
003/rUYsoIIE37A.mp4/0467_0207_0001_Person0.mp4,003/rUYsoIIE37A.mp4/0467_0207_0001_Person0.mp4,,0.666,1,1,0,sad,0,0,2,1,0,1,0,0,1,0,0,,,,
003/rUYsoIIE37A.mp4/0471_0123_0001_Person0.mp4,003/rUYsoIIE37A.mp4/0471_0123_0001_Person0.mp4,,0.416,1,0,0,,,,,,,,,,,,,same person as 003/rUYsoIIE37A.mp4/0467_0207_0001_Person0.mp4,,,
003/rUYsoIIE37A.mp4/0477_0165_0001_Person0.mp4,003/rUYsoIIE37A.mp4/0477_0165_0001_Person0.mp4,,0.538,1,1,0,sad,0,0,2,1,0,1,0,0,0,0,0,,,,
003/rUYsoIIE37A.mp4/0513_0150_0001_Person0.mp4,003/rUYsoIIE37A.mp4/0513_0150_0001_Person0.mp4,,0.499,1,1,0,neutral,1,0,0,0,0,0,0,0,0,0,0,,,,
003/rUYsoIIE37A.mp4/0520_0281_0007_Person0.mp4,,,,,,,,,,,,,,,,,,,,,,
003/rUYsoIIE37A.mp4/0525_0204_0008_Person7.mp4,003/rUYsoIIE37A.mp4/0525_0204_0008_Person7.mp4,,1.270,1,1,7,other,0,1,1,1,0,0,0,0,1,1,0,,,,
003/RvdxDMfMtiA.mp4/0070_0146_0002_Person1.mp4,003/RvdxDMfMtiA.mp4/0070_0146_0002_Person1.mp4,,0.637,1,1,1,sad,0,0,1,1,0,0,0,0,0,1,0,,,,
003/RvdxDMfMtiA.mp4/0107_0185_0002_Person1.mp4,003/RvdxDMfMtiA.mp4/0107_0185_0002_Person1.mp4,,1.250,1,1,1,sad,0,0,1,1,0,1,0,0,1,0,0,,,,
003/RvdxDMfMtiA.mp4/0266_0149_0004_Person1.mp4,003/RvdxDMfMtiA.mp4/0266_0149_0004_Person1.mp4,,0.619,1,1,1,neutral,1,0,0,0,0,0,0,0,0,1,0,,,,
003/RvdxDMfMtiA.mp4/0276_0226_0002_Person0.mp4,003/RvdxDMfMtiA.mp4/0276_0226_0002_Person0.mp4,,0.951,0,,,,,,,,,,,,,,,,,,
003/RvdxDMfMtiA.mp4/0368_0124_0001_Person0.mp4,003/RvdxDMfMtiA.mp4/0368_0124_0001_Person0.mp4,,0.604,1,1,0,sad,0,0,1,1,0,0,0,0,0,0,0,,,,
003/RvdxDMfMtiA.mp4/0373_0224_0001_Person0.mp4,003/RvdxDMfMtiA.mp4/0373_0224_0001_Person0.mp4,,0.747,1,1,0,sad,1,0,1,1,0,0,0,0,0,0,0,,,,
003/RvdxDMfMtiA.mp4/0395_0230_0001_Person0.mp4,003/RvdxDMfMtiA.mp4/0395_0230_0001_Person0.mp4,,0.529,1,1,0,sad,0,0,2,1,0,0,0,0,0,0,0,,,,
003/RvdxDMfMtiA.mp4/0420_0284_0002_Person0.mp4,003/RvdxDMfMtiA.mp4/0420_0284_0002_Person0.mp4,,0.980,1,1,0,happy,0,0,0,0,0,0,1,0,2,1,0,,,,
003/RvdxDMfMtiA.mp4/0505_0105_0001_Person0.mp4,003/RvdxDMfMtiA.mp4/0505_0105_0001_Person0.mp4,,0.238,1,0,0,,,,,,,,,,,,,no movement,,,
003/RvdxDMfMtiA.mp4/0507_0234_0002_Person0.mp4,003/RvdxDMfMtiA.mp4/0507_0234_0002_Person0.mp4,,0.765,1,1,0,sad,0,1,2,1,0,0,0,0,1,1,0,,,,
003/RvdxDMfMtiA.mp4/0555_0244_0005_Person2.mp4,003/RvdxDMfMtiA.mp4/0555_0244_0005_Person2.mp4,,0.813,1,1,2,sad,1,0,1,2,0,0,0,0,0,0,0,,,,
003/RvdxDMfMtiA.mp4/0726_0162_0002_Person0.mp4,003/RvdxDMfMtiA.mp4/0505_0105_0001_Person0.mp4,,0.667,1,1,0,sad,0,0,3,2,0,1,0,0,0,0,0,,,,
003/RvdxDMfMtiA.mp4/0726_0162_0002_Person1.mp4,003/RvdxDMfMtiA.mp4/0726_0162_0002_Person1.mp4,,0.667,1,1,1,sad,2,0,1,1,0,0,0,0,0,0,0,,,,
003/RvdxDMfMtiA.mp4/0732_0129_0002_Person1.mp4,003/RvdxDMfMtiA.mp4/0732_0129_0002_Person1.mp4,,0.537,1,1,1,sad,2,4,1,1,0,0,0,0,0,0,0,,,,
003/rXFlJbXyZyc.mp4/0134_0196_0002_Person1.mp4,003/rXFlJbXyZyc.mp4/0134_0196_0002_Person1.mp4,,0.778,1,1,1,sad,1,1,1,1,0,0,0,0,0,0,0,,,,
003/rXFlJbXyZyc.mp4/0270_0275_0001_Person0.mp4,003/rXFlJbXyZyc.mp4/0270_0275_0001_Person0.mp4,,0.875,0,1,1,sad,0,0,1,1,0,1,0,0,0,0,0,,,,
003/rXFlJbXyZyc.mp4/0576_0133_0001_Person0.mp4,003/rXFlJbXyZyc.mp4/0576_0133_0001_Person0.mp4,,0.549,1,1,0,sad,1,0,2,2,0,1,0,0,0,0,0,,,,
003/sADELCyj10I.mp4/0192_0147_0001_Person0.mp4,003/sADELCyj10I.mp4/0192_0147_0001_Person0.mp4,,0.972,0,1,1,happy,0,0,0,0,0,1,0,0,1,1,0,,,,
003/sADELCyj10I.mp4/0249_0268_0002_Person0.mp4,,,,,,,,,,,,,,,,,,,,,,
003/sADELCyj10I.mp4/0289_0199_0001_Person0.mp4,003/sADELCyj10I.mp4/0289_0199_0001_Person0.mp4,,0.842,1,1,0,happy,0,0,0,1,0,0,0,0,2,3,0,,,,
003/sADELCyj10I.mp4/0311_0159_0002_Person0.mp4,003/sADELCyj10I.mp4/0311_0159_0002_Person0.mp4,,0.879,1,1,0,happy,0,0,0,0,0,0,0,0,0,1,0,,,,
003/sADELCyj10I.mp4/0380_0105_0005_Person0.mp4,003/sADELCyj10I.mp4/0380_0105_0005_Person0.mp4,,0.710,1,1,0,sad,1,0,1,1,0,0,0,0,0,0,0,clip size 709 on line,,,
003/sADELCyj10I.mp4/0593_0107_0001_Person0.mp4,003/sADELCyj10I.mp4/0593_0107_0001_Person0.mp4,,0.592,1,1,0,happy,0,0,0,1,0,0,0,0,2,2,0,,,,
003/sADELCyj10I.mp4/0605_0253_0001_Person0.mp4,003/sADELCyj10I.mp4/0605_0253_0001_Person0.mp4,,1.000,1,1,0,sad,1,0,1,2,0,0,0,0,0,0,0,,,,
003/sADELCyj10I.mp4/0737_0134_0001_Person0.mp4,003/sADELCyj10I.mp4/0737_0134_0001_Person0.mp4,,0.544,1,1,0,sad,0,0,1,1,0,1,0,0,0,0,0,,,,
003/sADELCyj10I.mp4/0920_0143_0001_Person0.mp4,003/sADELCyj10I.mp4/0920_0143_0001_Person0.mp4,,0.675,1,1,0,happy,0,1,0,0,0,3,1,1,0,1,0,,,,
003/skiZueh4lfY.mp4/0007_0123_0003_Person1.mp4,003/skiZueh4lfY.mp4/0007_0123_0003_Person1.mp4,,1.130,1,1,1,sad,0,0,2,0,0,0,0,0,0,1,0,,,,
003/skiZueh4lfY.mp4/0087_0216_0004_Person1.mp4,0,,,,,,,,,,,,,,,,,,,,,
003/skiZueh4lfY.mp4/0087_0216_0004_Person2.mp4,,,,,,,,,,,,,,,,,,,,,,
003/skiZueh4lfY.mp4/0087_0216_0004_Person3.mp4,,,,,,,,,,,,,,,,,,,,,,
003/skiZueh4lfY.mp4/0098_0115_0001_Person0.mp4,003/skiZueh4lfY.mp4/0098_0115_0001_Person0.mp4,,1.770,1,1,0,happy,0,0,0,0,0,1,0,0,1,2,0,,,,
003/skiZueh4lfY.mp4/0268_0107_0002_Person0.mp4,003/skiZueh4lfY.mp4/0268_0107_0002_Person0.mp4,,1.180,1,1,0,sad,0,0,2,1,0,0,0,0,2,0,0,,,,
003/skiZueh4lfY.mp4/0305_0225_0001_Person0.mp4,,,,,,,,,,,,,,,,,,,,,,
003/skiZueh4lfY.mp4/0356_0120_0002_Person1.mp4,003/skiZueh4lfY.mp4/0356_0120_0002_Person1.mp4,,1.340,1,1,1,happy,0,0,0,1,0,1,0,0,2,1,0,,,,
003/T-Fc9ctuNVI.mp4/0150_0113_0002_Person1.mp4,003/T-Fc9ctuNVI.mp4/0150_0113_0002_Person1.mp4,,0.485,1,1,1,sad,0,0,1,1,0,0,0,0,0,0,0,,,,
003/T-Fc9ctuNVI.mp4/0151_0143_0002_Person1.mp4,003/T-Fc9ctuNVI.mp4/0151_0143_0002_Person1.mp4,,0.535,1,0,,,,,,,,,,,,,,no movement,,,
003/T-Fc9ctuNVI.mp4/0177_0178_0002_Person0.mp4,003/T-Fc9ctuNVI.mp4/0177_0178_0002_Person0.mp4,,0.922,1,1,0,sad,0,0,2,2,0,1,0,1,0,0,0,clip size 923 on line,,,
003/T-Fc9ctuNVI.mp4/0397_0143_0001_Person0.mp4,003/T-Fc9ctuNVI.mp4/0397_0143_0001_Person0.mp4,,0.686,1,1,0,sad,0,0,0,1,0,0,0,0,0,0,0,,,,
003/T-Fc9ctuNVI.mp4/0401_0136_0001_Person0.mp4,003/T-Fc9ctuNVI.mp4/0401_0136_0001_Person0.mp4,,0.668,1,1,0,sad,0,0,0,1,0,1,0,0,0,0,0,,,,
003/T-Fc9ctuNVI.mp4/0504_0174_0001_Person0.mp4,003/T-Fc9ctuNVI.mp4/0504_0174_0001_Person0.mp4,,0.486,1,1,0,sad,0,0,2,2,0,1,0,0,0,1,0,,,,
003/T-Fc9ctuNVI.mp4/0692_0117_0002_Person1.mp4,003/T-Fc9ctuNVI.mp4/0692_0117_0002_Person1.mp4,,0.787,1,1,1,happy,0,0,0,0,0,1,0,0,1,0,0,,,,
003/T-Fc9ctuNVI.mp4/0891_0186_0002_Person1.mp4,003/T-Fc9ctuNVI.mp4/0891_0186_0002_Person1.mp4,,0.521,1,1,1,sad,0,0,1,1,0,0,0,0,0,0,0,,,,
003/t0V4drbYDnc.mp4/0135_0110_0002_Person0.mp4,003/t0V4drbYDnc.mp4/0135_0110_0002_Person0.mp4,,0.366,1,1,0,sad,0,0,1,1,0,0,0,0,1,0,0,,,,
003/t0V4drbYDnc.mp4/0381_0164_0001_Person0.mp4,003/t0V4drbYDnc.mp4/0381_0164_0001_Person0.mp4,,0.818,1,1,0,sad,0,0,2,2,0,0,0,0,0,0,0,,,,
003/t0V4drbYDnc.mp4/0771_0218_0002_Person0.mp4,003/t0V4drbYDnc.mp4/0771_0218_0002_Person0.mp4,,0.844,1,1,0,happy,0,0,0,0,0,0,0,0,2,2,0,0.843 on line,,,
003/t0V4drbYDnc.mp4/0819_0111_0001_Person0.mp4,003/t0V4drbYDnc.mp4/0819_0111_0001_Person0.mp4,,1.050,1,1,0,happy,0,1,0,0,0,3,1,1,2,2,0,,,,
003/t0V4drbYDnc.mp4/0857_0103_0001_Person0.mp4,003/t0V4drbYDnc.mp4/0857_0103_0001_Person0.mp4,,0.323,1,1,0,sad,0,1,0,1,0,0,0,0,0,0,0,,,,
003/t0V4drbYDnc.mp4/0878_0128_0002_Person0.mp4,003/t0V4drbYDnc.mp4/0878_0128_0002_Person0.mp4,,0.402,1,1,0,sad,1,0,1,1,0,0,0,0,0,0,0,,,,
003/TcT4TxCxn_Q.mp4/0094_0128_0002_Person0.mp4,003/TcT4TxCxn_Q.mp4/0094_0128_0002_Person0.mp4,,0.566,1,1,0,happy,0,0,0,1,0,0,0,0,2,1,0,,,,
003/TcT4TxCxn_Q.mp4/0094_0128_0002_Person1.mp4,003/TcT4TxCxn_Q.mp4/0094_0128_0002_Person1.mp4,,0.566,1,1,1,sad,0,1,0,1,0,0,0,0,0,1,0,,,,
003/TcT4TxCxn_Q.mp4/0210_0113_0001_Person0.mp4,003/TcT4TxCxn_Q.mp4/0210_0113_0001_Person0.mp4,,0.462,1,1,0,other,0,0,0,0,0,1,0,0,0,3,0,,,,
003/TcT4TxCxn_Q.mp4/0218_0127_0001_Person0.mp4,003/TcT4TxCxn_Q.mp4/0218_0127_0001_Person0.mp4,,0.717,1,1,0,sad,0,0,2,2,0,1,0,0,0,0,0,,,,
003/TcT4TxCxn_Q.mp4/0546_0120_0003_Person0.mp4,003/TcT4TxCxn_Q.mp4/0546_0120_0003_Person0.mp4,,0.721,1,1,0,other,0,0,0,0,0,1,0,0,0,1,0,,,,
003/TcT4TxCxn_Q.mp4/0642_0247_0001_Person0.mp4,,,,,,,,,,,,,,,,,,,,,,
003/tNpZtigMc4g.mp4/0011_0110_0001_Person0.mp4,003/tNpZtigMc4g.mp4/0011_0110_0001_Person0.mp4,,1.060,1,1,0,sad,0,0,0,1,0,0,0,0,0,0,0,,,,
003/tNpZtigMc4g.mp4/0067_0148_0003_Person0.mp4,003/tNpZtigMc4g.mp4/0067_0148_0003_Person0.mp4,,1.680,1,1,0,sad,0,0,0,2,0,1,0,0,0,0,0,,,,
003/tNpZtigMc4g.mp4/0083_0121_0004_Person1.mp4,003/tNpZtigMc4g.mp4/0083_0121_0004_Person1.mp4,,2.320,1,1,1,happy,0,0,0,0,0,1,0,0,1,1,0,,,,
003/tNpZtigMc4g.mp4/0083_0121_0004_Person2.mp4,003/tNpZtigMc4g.mp4/0083_0121_0004_Person2.mp4,,2.320,1,1,2,sad,1,0,0,2,0,1,0,0,0,0,0,,,,
003/tNpZtigMc4g.mp4/0113_0117_0001_Person0.mp4,003/tNpZtigMc4g.mp4/0113_0117_0001_Person0.mp4,,0.992,1,1,0,happy,0,0,0,0,0,1,0,0,1,0,0,,,,
003/tNpZtigMc4g.mp4/0212_0292_0001_Person0.mp4,,,,,,,,,,,,,,,,,,,,,,
003/tNpZtigMc4g.mp4/0241_0187_0001_Person0.mp4,003/tNpZtigMc4g.mp4/0241_0187_0001_Person0.mp4,,2.020,1,1,0,sad,0,1,0,1,0,0,0,1,0,0,0,,,,
003/tNpZtigMc4g.mp4/0247_0130_0001_Person0.mp4,003/tNpZtigMc4g.mp4/0247_0130_0001_Person0.mp4,,2.200,1,1,0,happy,0,0,0,0,0,0,1,0,1,1,0,,,,
003/tNpZtigMc4g.mp4/0260_0162_0004_Person0.mp4,003/tNpZtigMc4g.mp4/0260_0162_0004_Person0.m,,2.620,1,1,0,sad,2,0,2,1,0,0,0,0,0,0,0,,,,
003/tNpZtigMc4g.mp4/0472_0172_0002_Person0.mp4,003/tNpZtigMc4g.mp4/0472_0172_0002_Person0.mp4,,2.310,1,1,0,sad,1,0,1,1,0,0,0,0,0,0,0,,,,
003/tNpZtigMc4g.mp4/0635_0209_0001_Person0.mp4,003/tNpZtigMc4g.mp4/0635_0209_0001_Person0.mp4,,2.090,1,1,0,sad,1,0,1,1,0,0,0,0,0,0,0,,,,
003/tNpZtigMc4g.mp4/0655_0180_0002_Person1.mp4,003/tNpZtigMc4g.mp4/0655_0180_0002_Person1.mp4,,2.530,1,1,1,sad,0,1,0,1,0,1,0,0,1,0,0,,,,
003/TzaVHtLXOzY.mp4/0115_0227_0001_Person0.mp4,003/TzaVHtLXOzY.mp4/0115_0227_0001_Person0.mp4,,0.874,1,1,0,sad,2,0,2,2,0,1,0,0,0,0,0,,,,
003/U_WzY2k8IBM.mp4/0118_0158_0002_Person0.mp4,003/U_WzY2k8IBM.mp4/0118_0158_0002_Person0.mp4,,0.580,1,1,0,sad,1,0,0,1,0,1,0,0,0,0,0,,,,
003/U_WzY2k8IBM.mp4/0118_0158_0002_Person1.mp4,003/U_WzY2k8IBM.mp4/0118_0158_0002_Person1.mp4,,0.580,1,1,1,sad,1,0,1,1,0,0,0,0,0,0,0,,,,
003/U_WzY2k8IBM.mp4/0302_0131_0002_Person1.mp4,003/U_WzY2k8IBM.mp4/0302_0131_0002_Person1.mp4,,0.674,1,1,1,sad,0,0,2,2,0,0,0,0,0,1,0,,,,
003/U_WzY2k8IBM.mp4/0490_0200_0002_Person0.mp4,003/U_WzY2k8IBM.mp4/0490_0200_0002_Person0.mp4,,0.495,1,1,0,other,0,0,0,1,0,1,0,0,1,1,0,,,,
003/U_WzY2k8IBM.mp4/0549_0181_0001_Person0.mp4,003/U_WzY2k8IBM.mp4/0549_0181_0001_Person0.mp4,,0.668,1,1,0,sad,0,1,1,1,0,0,0,0,0,0,0,,,,
003/U_WzY2k8IBM.mp4/0682_0147_0001_Person0.mp4,003/U_WzY2k8IBM.mp4/0682_0147_0001_Person0.mp4,,0.423,1,1,0,happy,0,0,0,0,0,0,0,0,2,3,0,,,,
003/U_WzY2k8IBM.mp4/0690_0135_0001_Person0.mp4,003/U_WzY2k8IBM.mp4/0690_0135_0001_Person0.mp4,,0.310,1,1,0,sad,1,0,1,1,0,0,0,0,0,0,0,,,,
003/u1ltv6r14KQ.mp4/0198_0202_0002_Person0.mp4,003/u1ltv6r14KQ.mp4/0198_0202_0002_Person0.mp4,,1.010,1,1,0,sad,0,0,0,1,0,0,0,0,0,0,0,,,,
003/u1ltv6r14KQ.mp4/0421_0175_0003_Person0.mp4,003/u1ltv6r14KQ.mp4/0421_0175_0003_Person0.mp4,,0.793,1,1,0,sad,1,1,1,1,0,0,0,0,0,0,0,,,,
003/u1ltv6r14KQ.mp4/0507_0124_0003_Person2.mp4,003/u1ltv6r14KQ.mp4/0507_0124_0003_Person2.mp4,,0.696,1,1,2,happy,0,0,0,0,0,2,0,0,0,1,0,,,,
003/u1ltv6r14KQ.mp4/0532_0181_0001_Person0.mp4,003/u1ltv6r14KQ.mp4/0532_0181_0001_Person0.mp4,,0.729,1,1,0,sad,0,4,0,0,0,0,0,0,0,0,0,,,,
003/u1ltv6r14KQ.mp4/0661_0122_0001_Person0.mp4,003/u1ltv6r14KQ.mp4/0661_0122_0001_Person0.mp,,0.316,1,0,0,,,,,,,,,,,,,no movement,,,
003/u1ltv6r14KQ.mp4/0697_0107_0002_Person0.mp4,003/u1ltv6r14KQ.mp4/0697_0107_0002_Person0.mp4,,0.723,1,1,0,sad,0,0,2,1,0,1,0,0,0,0,0,,,,
003/u1ltv6r14KQ.mp4/0702_0236_0002_Person1.mp4,0,,,,,,,,,,,,,,,,,,,,,
003/UgZFdrNT6W0.mp4/0028_0109_0005_Person0.mp4,003/UgZFdrNT6W0.mp4/0028_0109_0005_Person0.mp4,,0.459,1,1,0,sad,1,0,0,1,0,0,0,0,0,0,0,,,,
003/UgZFdrNT6W0.mp4/0128_0102_0001_Person0.mp4,003/UgZFdrNT6W0.mp4/0128_0102_0001_Person0.mp4,,0.723,1,1,0,sad,0,4,0,1,0,1,0,0,0,0,0,,,,
003/UgZFdrNT6W0.mp4/0156_0164_0003_Person2.mp4,003/UgZFdrNT6W0.mp4/0156_0164_0003_Person2.mp4,,0.526,1,1,2,sad,1,0,0,1,0,0,0,0,0,0,0,,,,
003/UgZFdrNT6W0.mp4/0238_0278_0006_Person0.mp4,,,,,,,,,,,,,,,,,,,,,,
003/UgZFdrNT6W0.mp4/0436_0233_0002_Person0.mp4,,,,,,,,,,,,,,,,,,,,,,
003/UgZFdrNT6W0.mp4/0696_0208_0002_Person1.mp4,003/UgZFdrNT6W0.mp4/0696_0208_0002_Person1.mp4,,0.769,1,1,1,other,0,1,1,1,0,0,0,0,1,1,0,,,,
003/UgZFdrNT6W0.mp4/0726_0201_0003_Person0.mp4,003/UgZFdrNT6W0.mp4/0726_0201_0003_Person0.mp4,,1.710,1,1,0,sad,1,2,1,2,0,1,0,0,1,0,0,,,,
003/UgZFdrNT6W0.mp4/0736_0156_0004_Person2.mp4,003/UgZFdrNT6W0.mp4/0736_0156_0004_Person2.mp4,,0.875,1,1,2,sad,0,0,1,1,0,1,0,0,1,0,0,,,,
003/UgZFdrNT6W0.mp4/0762_0112_0001_Person0.mp4,003/UgZFdrNT6W0.mp4/0762_0112_0001_Person0.mp4,,0.606,1,1,0,sad,2,4,2,2,0,0,0,0,1,0,0,,,,
003/UIy730JrFIc.mp4/0019_0176_0002_Person0.mp4,003/UIy730JrFIc.mp4/0019_0176_0002_Person0.mp4,,1.420,1,1,0,happy,0,0,0,0,0,3,0,0,0,0,0,,,,
003/UIy730JrFIc.mp4/0065_0137_0001_Person0.mp4,003/UIy730JrFIc.mp4/0065_0137_0001_Person0.mp4,,0.731,1,1,0,sad,0,0,2,2,0,0,0,0,0,0,0,,,,
003/UIy730JrFIc.mp4/0073_0236_0002_Person1.mp4,,,,,,,,,,,,,,,,,,,,,,
003/UIy730JrFIc.mp4/0249_0231_0004_Person1.mp4,,,,,,,,,,,,,,,,,,,,,,
003/UIy730JrFIc.mp4/0294_0129_0004_Person1.mp4,003/UIy730JrFIc.mp4/0294_0129_0004_Person1.mp4,,1.040,1,1,1,sad,0,0,0,1,0,0,0,0,0,0,0,,,,
003/UIy730JrFIc.mp4/0307_0195_0002_Person0.mp4,003/UIy730JrFIc.mp4/0307_0195_0002_Person0.mp4,,1.780,1,1,1,sad,0,0,0,1,0,2,0,0,0,0,0,,,,
003/UIy730JrFIc.mp4/0340_0130_0001_Person0.mp4,003/UIy730JrFIc.mp4/0340_0130_0001_Person0.mp4,,0.601,1,1,0,sad,0,1,2,0,0,10,0,0,0,0,0,,,,
003/UIy730JrFIc.mp4/0378_0173_0002_Person1.mp4,003/UIy730JrFIc.mp4/0378_0173_0002_Person1.mp4,,0.452,1,0,1,sad,3,0,0,0,0,0,0,0,0,0,0,,,,
003/UIy730JrFIc.mp4/0379_0107_0001_Person0.mp4,003/UIy730JrFIc.mp4/0379_0107_0001_Person0.mp4,,0.442,1,1,0,sad,1,0,1,0,0,1,0,0,0,0,0,size 441 on line,,,
003/UIy730JrFIc.mp4/0403_0193_0002_Person1.mp4,003/UIy730JrFIc.mp4/0403_0193_0002_Person1.mp4,,0.612,1,1,1,sad,1,0,1,1,0,0,0,0,0,0,0,,,,
003/UIy730JrFIc.mp4/0422_0118_0003_Person1.mp4,003/UIy730JrFIc.mp4/0422_0118_0003_Person1.mp4,,0.626,1,1,1,happy,0,0,0,1,0,0,0,0,2,2,0,,,,
003/UIy730JrFIc.mp4/0463_0168_0002_Person1.mp4,003/UIy730JrFIc.mp4/0463_0168_0002_Person1.mp4,,0.955,1,1,1,sad,0,0,2,1,0,2,0,0,0,0,0,,,,
003/UIy730JrFIc.mp4/0502_0138_0002_Person1.mp4,003/UIy730JrFIc.mp4/0502_0138_0002_Person1.mp4,,0.445,1,1,1,sad,1,0,0,3,0,0,0,0,0,0,0,,,,
003/UIy730JrFIc.mp4/0532_0129_0001_Person0.mp4,003/UIy730JrFIc.mp4/0532_0129_0001_Person0.mp4,,0.344,1,1,0,sad,1,0,0,1,0,0,0,0,0,0,0,,,,
003/UIy730JrFIc.mp4/0534_0158_0001_Person0.mp4,003/UIy730JrFIc.mp4/0534_0158_0001_Person0.mp4,,0.772,1,1,0,sad,0,0,1,1,0,0,0,0,0,0,0,,,,
003/UIy730JrFIc.mp4/0543_0128_0005_Person0.mp4,003/UIy730JrFIc.mp4/0543_0128_0005_Person0.mp4,,0.881,1,1,0,sad,0,0,1,2,0,0,0,1,1,0,0,,,,
003/UIy730JrFIc.mp4/0543_0128_0005_Person1.mp4,003/UIy730JrFIc.mp4/0543_0128_0005_Person1.mp4,,0.881,1,1,1,sad,1,0,1,1,0,0,0,0,0,0,0,,,,
003/UIy730JrFIc.mp4/0600_0143_0001_Person0.mp4,003/UIy730JrFIc.mp4/0600_0143_0001_Person0.mp4,,0.374,1,1,0,sad,1,2,0,0,0,0,0,0,1,0,0,,,,
003/UIy730JrFIc.mp4/0651_0132_0002_Person0.mp4,003/UIy730JrFIc.mp4/0651_0132_0002_Person0.mp4,,0.679,1,1,0,happy,0,0,0,0,0,1,0,0,0,3,0,,,,
003/UIy730JrFIc.mp4/0888_0137_0005_Person4.mp4,003/UIy730JrFIc.mp4/0888_0137_0005_Person4.mp4,,0.715,1,1,4,sad,0,0,2,3,0,1,0,1,0,0,0,,,,
003/UIy730JrFIc.mp4/0897_0272_0002_Person1.mp4,,,,,,,,,,,,,,,,,,,,,,
003/UIy730JrFIc.mp4/0946_0137_0002_Person0.mp4,003/UIy730JrFIc.mp4/0946_0137_0002_Person0.mp4,,0.923,1,1,0,happy,0,0,0,0,1,0,0,0,3,2,0,,,,
003/UIy730JrFIc.mp4/0962_0153_0008_Person1.mp4,003/UIy730JrFIc.mp4/0962_0153_0008_Person1.mp4,,1.090,1,1,1,sad,0,0,0,1,0,1,0,0,0,0,0,,,,
003/UIy730JrFIc.mp4/1142_0249_0002_Person0.mp4,,,,,,,,,,,,,,,,,,,,,,
003/UIy730JrFIc.mp4/1216_0101_0001_Person0.mp4,003/UIy730JrFIc.mp4/1216_0101_0001_Person0.mp4,,0.590,1,1,0,sad,0,1,2,2,0,0,0,0,0,0,0,,,,
003/UIy730JrFIc.mp4/1262_0154_0002_Person0.mp4,003/UIy730JrFIc.mp4/1262_0154_0002_Person0.mp4,,0.515,1,1,0,sad,0,4,2,2,0,2,0,1,0,1,0,,,,
003/UIy730JrFIc.mp4/1262_0154_0002_Person1.mp4,003/UIy730JrFIc.mp4/1262_0154_0002_Person1.mp4,,0.515,1,1,1,sad,2,0,1,0,0,0,0,0,0,0,0,,,,
003/UIy730JrFIc.mp4/1274_0140_0002_Person0.mp4,003/UIy730JrFIc.mp4/1274_0140_0002_Person0.mp4,,0.468,1,0,0,,,,,,,,,,,,,no movement,,,
003/UIy730JrFIc.mp4/1422_0111_0002_Person1.mp4,003/UIy730JrFIc.mp4/1422_0111_0002_Person1.mp4,,0.366,1,1,1,sad,0,0,2,1,0,0,0,0,0,0,0,,,,
003/UIy730JrFIc.mp4/1578_0145_0004_Person0.mp4,003/UIy730JrFIc.mp4/1578_0145_0004_Person0.mp4,,0.496,1,0,0,,,,,,,,,,,,,no movement,,,
003/UIy730JrFIc.mp4/1627_0176_0008_Person5.mp4,003/UIy730JrFIc.mp4/1627_0176_0008_Person5.mp4,,0.788,1,1,5,happy,0,0,0,1,0,1,0,0,3,1,0,,,,
003/UIy730JrFIc.mp4/1758_0221_0002_Person0.mp4,003/UIy730JrFIc.mp4/1758_0221_0002_Person0.mp4,,0.824,1,1,0,sad,1,0,0,1,0,0,0,0,0,0,0,,,,
003/UIy730JrFIc.mp4/1793_0117_0001_Person0.mp4,003/UIy730JrFIc.mp4/1793_0117_0001_Person0.mp4,,0.408,1,1,0,sad,3,1,0,2,0,0,0,0,1,0,0,,,,
003/UIy730JrFIc.mp4/1816_0126_0001_Person0.mp4,003/UIy730JrFIc.mp4/1816_0126_0001_Person0.mp4,,0.338,1,1,0,sad,0,0,1,1,0,0,0,0,0,0,0,,,,
003/UIy730JrFIc.mp4/1828_0186_0002_Person1.mp4,003/UIy730JrFIc.mp4/1828_0186_0002_Person1.mp4,,0.729,1,1,1,sad,1,0,1,1,0,0,0,0,0,0,0,,,,
003/UIy730JrFIc.mp4/1831_0135_0002_Person0.mp4,003/UIy730JrFIc.mp4/1831_0135_0002_Person0.m,,0.528,1,1,0,sad,1,0,0,1,0,2,0,0,0,0,0,,,,
003/UIy730JrFIc.mp4/1907_0256_0001_Person0.mp4,003/UIy730JrFIc.mp4/1907_0256_0001_Person0.mp4,,0.925,1,1,0,sad,0,0,1,1,0,0,0,0,0,1,0,,,,
003/UIy730JrFIc.mp4/1957_0272_0002_Person1.mp4,003/UIy730JrFIc.mp4/1957_0272_0002_Person1.mp4,,0.956,1,1,1,sad,1,0,1,3,0,1,0,1,0,0,0,,,,
003/UIy730JrFIc.mp4/2000_0180_0001_Person0.mp4,003/UIy730JrFIc.mp4/2000_0180_0001_Person0.mp4,,0.826,1,1,0,sad,0,0,2,1,0,0,0,0,0,1,0,,,,
003/UIy730JrFIc.mp4/2010_0137_0002_Person1.mp4,003/UIy730JrFIc.mp4/2010_0137_0002_Person1.mp4,,0.582,1,1,1,sad,1,0,0,1,0,0,0,0,0,0,0,,,,
003/UIy730JrFIc.mp4/2014_0133_0002_Person0.mp4,003/UIy730JrFIc.mp4/2014_0133_0002_Person0.mp4,,0.513,1,1,0,sad,0,0,0,1,0,0,0,0,0,0,0,,,,
003/UIy730JrFIc.mp4/2075_0231_0003_Person0.mp4,003/UIy730JrFIc.mp4/2075_0231_0003_Person0.mp4,,0.779,1,1,0,sad,1,0,0,1,0,0,0,0,0,0,0,,,,
003/UIy730JrFIc.mp4/2091_0276_0002_Person0.mp4,003/UIy730JrFIc.mp4/2091_0276_0002_Person0.mp4,,1.100,1,1,0,sad,1,0,1,1,0,0,0,0,1,0,0,,,,
003/uNT6HrrnqPU.mp4/0009_0210_0002_Person0.mp4,003/uNT6HrrnqPU.mp4/0009_0210_0002_Person0.mp4,,0.731,1,1,0,happy,0,0,0,0,0,2,0,1,2,0,0,,,,
003/uNT6HrrnqPU.mp4/0350_0179_0002_Person1.mp4,003/uNT6HrrnqPU.mp4/0350_0179_0002_Person1.mp4,,0.849,1,1,1,sad,1,0,0,2,0,1,0,0,0,0,0,,,,
003/uNT6HrrnqPU.mp4/0352_0140_0002_Person0.mp4,003/uNT6HrrnqPU.mp4/0352_0140_0002_Person0.mp4,,0.595,1,1,0,sad,1,0,1,3,0,0,0,0,0,0,0,,,,
003/uNT6HrrnqPU.mp4/0401_0126_0001_Person0.mp4,003/uNT6HrrnqPU.mp4/0401_0126_0001_Person0.mp4,,0.840,1,1,0,sad,0,2,2,3,0,1,0,2,0,0,0,,,,
003/uNT6HrrnqPU.mp4/0402_0134_0002_Person0.mp4,003/uNT6HrrnqPU.mp4/0402_0134_0002_Person0.mp4,,0.409,1,1,0,sad,0,0,2,0,0,0,0,0,0,0,0,,,,
003/uNT6HrrnqPU.mp4/0402_0134_0002_Person1.mp4,003/uNT6HrrnqPU.mp4/0402_0134_0002_Person1.mp4,,0.409,1,1,1,sad,2,0,2,2,0,0,0,0,0,0,0,,,,
003/uNT6HrrnqPU.mp4/0403_0110_0002_Person1.mp4,003/uNT6HrrnqPU.mp4/0403_0110_0002_Person1.mp4,,0.313,1,0,1,,,,,,,,,,,,,same person as 003/uNT6HrrnqPU.mp4/0402_0134_0002_Person1.mp4,,,
003/uNT6HrrnqPU.mp4/0438_0110_0005_Person1.mp4,003/uNT6HrrnqPU.mp4/0438_0110_0005_Person1.mp4,,0.768,1,1,1,sad,1,0,1,2,0,0,0,0,0,0,0,,,,
003/uNT6HrrnqPU.mp4/0438_0110_0005_Person2.mp4,003/uNT6HrrnqPU.mp4/0438_0110_0005_Person2.mp4,,0.768,1,1,2,sad,1,1,1,2,0,0,0,0,0,0,0,,,,
003/uNT6HrrnqPU.mp4/0483_0133_0002_Person1.mp4,003/uNT6HrrnqPU.mp4/0483_0133_0002_Person1.mp4,,0.376,1,1,1,sad,3,4,1,1,0,0,0,0,0,0,0,,,,
003/uNT6HrrnqPU.mp4/0543_0113_0003_Person0.mp4,003/uNT6HrrnqPU.mp4/0543_0113_0003_Person0.mp4,,0.368,1,1,0,sad,2,0,0,1,0,0,0,0,0,0,0,,,,
003/uNT6HrrnqPU.mp4/0543_0113_0003_Person1.mp4,003/uNT6HrrnqPU.mp4/0543_0113_0003_Person1.mp4,,0.386,1,1,1,sad,0,0,0,1,0,0,0,0,1,0,0,,,,
003/uNT6HrrnqPU.mp4/0543_0113_0003_Person2.mp4,003/uNT6HrrnqPU.mp4/0543_0113_0003_Person2.mp4,,0.368,1,1,2,sad,1,0,0,1,0,0,0,0,0,0,0,,,,
003/uNT6HrrnqPU.mp4/0746_0142_0002_Person0.mp4,003/uNT6HrrnqPU.mp4/0746_0142_0002_Person0.mp4,,0.737,1,1,0,sad,0,0,1,1,0,0,0,0,0,0,0,,,,
003/uNT6HrrnqPU.mp4/0786_0113_0002_Person1.mp4,003/uNT6HrrnqPU.mp4/0786_0113_0002_Person1.mp4,,0.542,1,1,1,happy,0,0,0,0,0,0,0,0,2,1,0,,,,
003/uNT6HrrnqPU.mp4/1027_0129_0003_Person0.mp4,003/uNT6HrrnqPU.mp4/1027_0129_0003_Person0.mp4,,1.150,1,1,0,sad,0,0,1,2,0,1,0,0,0,0,0,,,,
003/uNT6HrrnqPU.mp4/1238_0118_0002_Person1.mp4,003/uNT6HrrnqPU.mp4/1238_0118_0002_Person1.mp4,,0.446,1,1,1,sad,1,0,0,1,0,0,0,0,0,0,0,,,,
003/uNT6HrrnqPU.mp4/1280_0179_0002_Person1.mp4,003/uNT6HrrnqPU.mp4/1280_0179_0002_Person1.mp4,,0.636,1,1,1,sad,0,0,1,1,0,0,0,0,1,0,0,,,,
003/uNT6HrrnqPU.mp4/1282_0167_0002_Person0.mp4,003/uNT6HrrnqPU.mp4/1282_0167_0002_Person0.mp4,,0.584,1,1,0,happy,0,0,0,0,0,1,0,1,1,0,0,,,,
003/uNT6HrrnqPU.mp4/1426_0107_0001_Person0.mp4,003/uNT6HrrnqPU.mp4/1426_0107_0001_Person0.mp4,,0.337,1,1,0,sad,1,0,2,0,0,0,0,1,0,1,0,,,,
003/uNT6HrrnqPU.mp4/1507_0208_0001_Person0.mp4,003/uNT6HrrnqPU.mp4/1507_0208_0001_Person0.mp4,,0.773,1,1,0,happy,0,0,1,1,0,2,0,0,3,2,0,,,,
003/uNT6HrrnqPU.mp4/1571_0188_0002_Person1.mp4,003/uNT6HrrnqPU.mp4/1571_0188_0002_Person1.mp4,,0.688,1,1,1,sad,1,0,1,1,0,0,0,0,0,0,0,,,,
003/uNT6HrrnqPU.mp4/1579_0124_0002_Person0.mp4,003/uNT6HrrnqPU.mp4/1579_0124_0002_Person0.mp4,,0.469,1,1,0,sad,2,0,1,1,0,0,0,0,0,0,0,,,,
003/uNT6HrrnqPU.mp4/1687_0200_0002_Person1.mp4,003/uNT6HrrnqPU.mp4/1687_0200_0002_Person1.mp4,,0.716,1,1,1,sad,1,0,1,1,0,0,0,0,1,0,0,,,,
003/uNT6HrrnqPU.mp4/1749_0107_0002_Person0.mp4,003/uNT6HrrnqPU.mp4/1749_0107_0002_Person0.mp4,,0.321,1,1,0,happy,0,0,0,0,0,0,0,0,1,1,0,,,,
003/uNT6HrrnqPU.mp4/1791_0232_0002_Person0.mp4,003/uNT6HrrnqPU.mp4/1791_0232_0002_Person0.mp4,,0.869,1,1,0,sad,2,0,1,1,0,0,0,0,0,0,0,,,,
003/uNT6HrrnqPU.mp4/1864_0157_0001_Person0.mp4,003/uNT6HrrnqPU.mp4/1864_0157_0001_Person0.mp4,,0.516,0,0,0,,,,,,,,,,,,,,,,
003/uNT6HrrnqPU.mp4/1886_0116_0001_Person0.mp4,003/uNT6HrrnqPU.mp4/1886_0116_0001_Person0.mp4,,0.599,1,0,0,,,,,,,,,,,,,bonding box on 2 different people ,,,
003/uwW0ejeosmk.mp4/0077_0160_0002_Person1.mp4,003/uwW0ejeosmk.mp4/0077_0160_0002_Person1.mp4,,3.380,1,1,1,happy,0,0,0,1,0,1,0,0,1,1,0,,,,
003/uwW0ejeosmk.mp4/0308_0237_0001_Person0.mp4,,,,,,,,,,,,,,,,,,,,,,
003/uwW0ejeosmk.mp4/0368_0126_0002_Person1.mp4,003/uwW0ejeosmk.mp4/0368_0126_0002_Person1.mp4,,1.220,1,1,1,sad,0,0,0,1,0,0,0,0,0,0,0,,,,
003/uzPI7FcF79U.mp4/0026_0107_0005_Person1.mp4,003/uzPI7FcF79U.mp4/0026_0107_0005_Person1.mp4,,0.544,1,1,1,sad,2,0,1,1,0,1,0,0,0,0,0,,,,
003/uzPI7FcF79U.mp4/0181_0243_0001_Person0.mp4,,,,,,,,,,,,,,,,,,,,,,
003/uzPI7FcF79U.mp4/0234_0227_0001_Person0.mp4,,,,,,,,,,,,,,,,,,,,,,
003/uzPI7FcF79U.mp4/0284_0145_0002_Person1.mp4,003/uzPI7FcF79U.mp4/0284_0145_0002_Person1.mp4,,0.510,1,1,1,sad,2,0,2,0,0,1,0,1,1,0,0,,,,
003/uzPI7FcF79U.mp4/0309_0217_0002_Person1.mp4,,,,,,,,,,,,,,,,,,,,,,
003/uzPI7FcF79U.mp4/0380_0159_0002_Person1.mp4,003/uzPI7FcF79U.mp4/0380_0159_0002_Person1.mp4,,0.580,1,0,1,,,,,,,,,,,,,no movement,,,
003/uzPI7FcF79U.mp4/0460_0198_0003_Person2.mp4,003/uzPI7FcF79U.mp4/0460_0198_0003_Person2.mp4,,1.780,1,1,2,sad,4,0,1,1,0,0,0,0,1,0,0,,,,
003/uzPI7FcF79U.mp4/0475_0273_0001_Person0.mp4,003/uzPI7FcF79U.mp4/0475_0273_0001_Person0.mp4,,1.000,1,1,0,sad,2,3,2,2,0,0,0,0,0,0,0,,,,
003/uzPI7FcF79U.mp4/0642_0105_0002_Person1.mp4,003/uzPI7FcF79U.mp4/0642_0105_0002_Person1.mp4,,0.903,1,1,1,sad,0,2,2,1,0,0,0,1,0,0,0,,,,
003/uzPI7FcF79U.mp4/0680_0223_0002_Person0.mp4,003/uzPI7FcF79U.mp4/0680_0223_0002_Person0.mp4,,0.999,1,1,0,sad,3,0,1,1,0,0,0,0,0,0,0,,,,
003/uzPI7FcF79U.mp4/0680_0223_0002_Person1.mp4,003/uzPI7FcF79U.mp4/0680_0223_0002_Person1.mp4,,0.999,1,1,1,sad,3,0,2,0,0,2,0,0,0,0,0,,,,
003/vfjywN5CN0Y.mp4/0016_0239_0002_Person0.mp4,003/vfjywN5CN0Y.mp4/0016_0239_0002_Person0.mp4,,1.000,1,1,0,happy,0,1,0,0,0,3,1,2,3,2,0,,,,
003/vfjywN5CN0Y.mp4/0027_0156_0002_Person1.mp4,003/vfjywN5CN0Y.mp4/0027_0156_0002_Person1.mp4,,0.572,1,1,1,happy,0,0,0,0,0,1,0,0,2,1,0,0.571 on line,,,
003/vfjywN5CN0Y.mp4/0066_0200_0002_Person0.mp4,003/vfjywN5CN0Y.mp4/0066_0200_0002_Person0.mp4,,0.610,1,1,0,happy,0,0,0,0,0,0,0,0,2,1,0,,,,
003/vfjywN5CN0Y.mp4/0331_0225_0002_Person0.mp4,003/vfjywN5CN0Y.mp4/0331_0225_0002_Person0.mp4,,0.830,1,1,0,sad,0,0,1,1,0,0,0,0,0,0,0,,,,
003/vfjywN5CN0Y.mp4/0501_0136_0002_Person1.mp4,003/vfjywN5CN0Y.mp4/0501_0136_0002_Person1.mp4,,0.659,1,1,1,sad,0,0,2,2,0,0,0,0,0,0,0,,,,
003/vfjywN5CN0Y.mp4/0797_0191_0001_Person0.mp4,003/vfjywN5CN0Y.mp4/0797_0191_0001_Person0.mp4,,0.982,1,1,0,sad,3,3,3,3,0,0,0,0,0,0,0,,,,
003/vfjywN5CN0Y.mp4/0932_0192_0001_Person0.mp4,003/vfjywN5CN0Y.mp4/0932_0192_0001_Person0.mp4,,0.716,1,1,0,sad,2,0,2,2,0,1,0,0,0,1,0,,,,
003/Vmef_8MY46w.mp4/0484_0190_0003_Person2.mp4,003/Vmef_8MY46w.mp4/0484_0190_0003_Person2.mp4,,0.724,1,1,2,sad,2,0,0,1,0,0,0,0,0,0,0,,,,
003/Vmef_8MY46w.mp4/0607_0146_0003_Person1.mp4,003/Vmef_8MY46w.mp4/0607_0146_0003_Person1.mp4,,0.501,1,1,1,sad,0,0,1,0,0,1,0,1,0,0,0,,,,
003/Vmef_8MY46w.mp4/0831_0168_0002_Person1.mp4,003/Vmef_8MY46w.mp4/0831_0168_0002_Person1.mp4,,0.623,1,1,1,sad,0,0,1,2,0,0,0,0,0,0,0,,,,
003/Vmef_8MY46w.mp4/0966_0141_0002_Person0.mp4,003/Vmef_8MY46w.mp4/0966_0141_0002_Person0.mp4,,0.701,1,1,0,sad,4,0,0,1,0,0,0,0,0,1,0,,,,
003/Vmef_8MY46w.mp4/1055_0257_0002_Person1.mp4,003/Vmef_8MY46w.mp4/1055_0257_0002_Person1.mp4,,0.996,1,1,1,happy,0,1,1,1,0,0,0,0,0,0,0,,,,
003/VMNmRlhFT-o.mp4/0069_0114_0002_Person0.mp4,003/VMNmRlhFT-o.mp4/0069_0114_0002_Person0.mp4,,0.630,1,0,0,,,,,,,,,,,,,no movement,,,
003/VMNmRlhFT-o.mp4/0069_0114_0002_Person1.mp4,003/VMNmRlhFT-o.mp4/0069_0114_0002_Person1.mp4,,0.630,1,1,1,sad,1,0,0,1,0,0,0,0,0,0,0,,,,
003/VMNmRlhFT-o.mp4/0100_0149_0001_Person0.mp4,003/VMNmRlhFT-o.mp4/0069_0114_0002_Person1.mp4,,1.030,1,1,1,sad,0,2,1,1,0,1,0,0,1,0,0,,,,
003/VMNmRlhFT-o.mp4/0109_0132_0001_Person0.mp4,003/VMNmRlhFT-o.mp4/0109_0132_0001_Person0.mp4,,1.020,1,1,0,sad,0,0,2,0,0,1,0,0,0,1,0,,,,
003/VMNmRlhFT-o.mp4/0425_0181_0001_Person0.mp4,003/VMNmRlhFT-o.mp4/0425_0181_0001_Person0.mp4,,1.020,1,1,0,sad,0,0,2,3,0,0,0,0,0,0,0,,,,
003/WlgxRNCHQzw.mp4/0091_0109_0001_Person0.mp4,003/WlgxRNCHQzw.mp4/0091_0109_0001_Person0.mp4,,0.361,1,1,0,sad,0,0,2,2,0,1,0,0,1,0,0,,,,
003/WlgxRNCHQzw.mp4/0178_0102_0003_Person1.mp4,003/WlgxRNCHQzw.mp4/0091_0109_0001_Person0.mp4,,0.437,1,1,0,sad,0,0,0,1,0,0,0,0,0,0,0,,,,
003/WlgxRNCHQzw.mp4/0379_0237_0002_Person0.mp4,003/WlgxRNCHQzw.mp4/0379_0237_0002_Person0.mp4,,0.664,1,1,0,sad,1,0,2,0,0,0,0,0,0,0,0,,,,
003/WlgxRNCHQzw.mp4/0408_0239_0002_Person1.mp4,,,,,,,,,,,,,,,,,,,,,,
003/WlgxRNCHQzw.mp4/0417_0133_0001_Person0.mp4,003/WlgxRNCHQzw.mp4/0417_0133_0001_Person0.mp4,,0.733,1,1,0,happy,0,0,0,1,0,1,0,0,0,2,0,0.732 on line,,,
003/WlgxRNCHQzw.mp4/0464_0190_0002_Person1.mp4,003/WlgxRNCHQzw.mp4/0464_0190_0002_Person1.mp4,,1.560,1,1,1,happy,0,0,0,0,0,3,0,0,2,0,0,,,,
003/WlgxRNCHQzw.mp4/0595_0234_0001_Person0.mp4,,,,,,,,,,,,,,,,,,,,,,
003/WlgxRNCHQzw.mp4/0713_0101_0001_Person0.mp4,003/WlgxRNCHQzw.mp4/0713_0101_0001_Person0.mp4,,0.431,1,1,0,sad,0,4,1,1,0,0,0,0,0,0,0,,,,
003/WlgxRNCHQzw.mp4/0715_0290_0003_Person1.mp4,,,,,,,,,,,,,,,,,,,,,,
003/WlgxRNCHQzw.mp4/0715_0290_0003_Person2.mp4,,,,,,,,,,,,,,,,,,,,,,
003/WlgxRNCHQzw.mp4/0735_0157_0003_Person0.mp4,003/WlgxRNCHQzw.mp4/0735_0157_0003_Person0.mp4,,0.531,1,0,0,,,,,,,,,,,,,no movement,,,
003/WlgxRNCHQzw.mp4/0765_0107_0002_Person0.mp4,003/WlgxRNCHQzw.mp4/0765_0107_0002_Person0.mp4,,0.618,1,1,0,sad,0,0,1,1,0,0,0,0,0,0,0,,,,
003/WlgxRNCHQzw.mp4/0799_0276_0002_Person1.mp4,,,,,,,,,,,,,,,,,,,,,,
003/WlgxRNCHQzw.mp4/0809_0107_0001_Person0.mp4,003/WlgxRNCHQzw.mp4/0809_0107_0001_Person0.mp4,,0.402,1,1,0,sad,1,0,0,1,0,0,0,0,0,0,0,,,,
003/WlgxRNCHQzw.mp4/0891_0110_0002_Person1.mp4,003/WlgxRNCHQzw.mp4/0891_0110_0002_Person1.mp4,,0.420,1,1,1,sad,0,0,1,2,0,0,0,0,0,0,0,,,,
003/WlgxRNCHQzw.mp4/0913_0153_0001_Person0.mp4,003/WlgxRNCHQzw.mp4/0913_0153_0001_Person0.mp4,,0.670,1,1,0,sad,0,0,2,1,0,0,0,0,0,1,0,,,,
003/WlgxRNCHQzw.mp4/0948_0135_0002_Person1.mp4,003/WlgxRNCHQzw.mp4/0948_0135_0002_Person1.mp4,,0.997,1,1,1,happy,0,0,0,0,0,2,1,0,0,1,0,,,,
003/WlgxRNCHQzw.mp4/1014_0136_0001_Person0.mp4,003/WlgxRNCHQzw.mp4/1014_0136_0001_Person0.mp4,,0.731,1,1,0,happy,0,0,0,0,0,0,0,0,3,1,0,,,,
003/WlgxRNCHQzw.mp4/1092_0105_0001_Person0.mp4,003/WlgxRNCHQzw.mp4/1092_0105_0001_Person0.mp4,,0.277,1,1,0,sad,1,0,1,1,0,0,0,0,1,0,0,,,,
003/WlgxRNCHQzw.mp4/1128_0203_0001_Person0.mp4,003/WlgxRNCHQzw.mp4/1128_0203_0001_Person0.mp4,,0.663,1,1,0,sad,0,0,1,2,0,0,0,0,1,0,0,,,,
003/WlgxRNCHQzw.mp4/1200_0129_0003_Person0.mp4,003/WlgxRNCHQzw.mp4/1200_0129_0003_Person0.mp4,,0.418,1,1,0,sad,0,0,2,1,0,0,0,0,0,0,0,,,,
003/WlgxRNCHQzw.mp4/1250_0224_0003_Person0.mp4,,,,,,,,,,,,,,,,,,,,,,
003/WlgxRNCHQzw.mp4/1295_0100_0001_Person0.mp4,003/WlgxRNCHQzw.mp4/1295_0100_0001_Person0.mp4,,0.613,1,1,0,sad,0,1,1,4,0,1,0,0,0,0,0,,,,
003/WlgxRNCHQzw.mp4/1317_0102_0001_Person0.mp4,003/WlgxRNCHQzw.mp4/1317_0102_0001_Person0.mp4,,0.768,1,1,0,sad,0,0,1,0,0,2,0,2,0,0,0,,,,
003/WlgxRNCHQzw.mp4/1321_0112_0001_Person0.mp4,003/WlgxRNCHQzw.mp4/1321_0112_0001_Person0.mp4,,0.567,1,1,0,sad,0,1,2,1,0,0,0,0,0,0,0,0.566 on line,,,
003/WlgxRNCHQzw.mp4/1357_0157_0002_Person0.mp4,003/WlgxRNCHQzw.mp4/1357_0157_0002_Person0.mp4,,1.040,1,1,0,sad,0,0,0,1,0,2,0,0,0,0,0,,,,
003/WlgxRNCHQzw.mp4/1383_0170_0002_Person1.mp4,003/WlgxRNCHQzw.mp4/1383_0170_0002_Person1.mp4,,0.471,1,1,1,sad,0,0,1,1,0,0,0,0,0,0,0,,,,
003/WlgxRNCHQzw.mp4/1449_0171_0002_Person0.mp4,003/WlgxRNCHQzw.mp4/1449_0171_0002_Person0.mp4,,0.877,1,1,0,sad,0,0,1,1,0,0,0,0,1,0,0,,,,
003/WlgxRNCHQzw.mp4/1635_0136_0003_Person0.mp4,003/WlgxRNCHQzw.mp4/1635_0136_0003_Person0.mp4,,0.616,1,1,0,sad,1,0,0,1,0,0,0,0,0,0,0,,,,
003/WlgxRNCHQzw.mp4/1940_0140_0002_Person1.mp4,003/WlgxRNCHQzw.mp4/1940_0140_0002_Person1.mp4,,0.443,1,1,1,happy,0,0,0,0,0,0,0,0,2,0,0,,,,
003/WlgxRNCHQzw.mp4/1970_0207_0002_Person1.mp4,003/WlgxRNCHQzw.mp4/1970_0207_0002_Person1.mp4,,1.560,1,1,1,sad,1,0,0,2,0,2,0,0,0,0,0,,,,
003/WVde9pyaHg4.mp4/0066_0111_0002_Person0.mp4,003/WVde9pyaHg4.mp4/0066_0111_0002_Person0.mp4,,0.454,1,1,0,happy,0,0,0,0,0,2,0,0,2,0,0,,,,
003/WVde9pyaHg4.mp4/0237_0187_0001_Person0.mp4,003/WVde9pyaHg4.mp4/0237_0187_0001_Person0.mp4,,0.554,1,1,0,sad,0,0,1,1,0,0,0,0,0,0,0,,,,
003/WVde9pyaHg4.mp4/0343_0233_0001_Person0.mp4,003/WVde9pyaHg4.mp4/0343_0233_0001_Person0.mp4,,0.495,1,1,0,sad,4,0,4,4,0,0,0,0,0,0,0,,,,
003/WwoTG3_OjUg.mp4/0012_0276_0001_Person0.mp4,,,,,,,,,,,,,,,,,,,,,,
003/WwoTG3_OjUg.mp4/0013_0115_0001_Person0.mp4,003/WwoTG3_OjUg.mp4/0013_0115_0001_Person0.mp4,,2.220,1,1,0,sad,1,2,1,2,0,1,0,0,1,0,0,,,,
003/WwoTG3_OjUg.mp4/0120_0207_0001_Person0.mp4,003/WwoTG3_OjUg.mp4/0120_0207_0001_Person0.mp4,,4.410,1,1,0,sad,0,0,2,1,0,1,0,0,0,0,0,,,,
003/WwoTG3_OjUg.mp4/0207_0102_0001_Person0.mp4,003/WwoTG3_OjUg.mp4/0207_0102_0001_Person0.mp4,,3.170,1,1,0,happy,0,0,0,1,0,2,0,0,2,0,0,,,,
003/xp67EC-Hvwk.mp4/0199_0204_0003_Person2.mp4,003/xp67EC-Hvwk.mp4/0199_0204_0003_Person2.mp4,,0.769,1,1,2,sad,1,0,0,1,0,0,0,0,0,0,0,0.770 on line,,,
003/xp67EC-Hvwk.mp4/0210_0280_0003_Person0.mp4,003/xp67EC-Hvwk.mp4/0210_0280_0003_Person0.mp4,,1.000,1,1,0,happy,0,0,0,0,0,0,0,0,2,1,0,,,,
003/xp67EC-Hvwk.mp4/0213_0111_0001_Person0.mp4,003/xp67EC-Hvwk.mp4/0213_0111_0001_Person0.mp4,,0.411,1,1,0,sad,0,2,1,2,0,0,0,1,0,0,0,,,,
003/xp67EC-Hvwk.mp4/0219_0124_0001_Person0.mp4,003/xp67EC-Hvwk.mp4/0219_0124_0001_Person0.mp4,,0.391,1,1,0,sad,0,0,1,0,0,1,0,0,0,0,0,,,,
003/xp67EC-Hvwk.mp4/0306_0114_0004_Person3.mp4,003/xp67EC-Hvwk.mp4/0306_0114_0004_Person3.mp4,,0.380,1,1,3,sad,1,0,0,1,0,0,0,0,0,0,0,,,,
003/xp67EC-Hvwk.mp4/0431_0163_0002_Person1.mp4,003/xp67EC-Hvwk.mp4/0431_0163_0002_Person1.mp4,,0.591,1,1,1,sad,2,2,1,0,0,0,0,0,0,1,0,,,,
003/xp67EC-Hvwk.mp4/0551_0110_0001_Person0.mp4,003/xp67EC-Hvwk.mp4/0551_0110_0001_Person0.mp4,,0.489,1,1,0,sad,0,1,0,3,0,0,0,0,0,0,0,,,,
003/xp67EC-Hvwk.mp4/0604_0179_0001_Person0.mp4,003/xp67EC-Hvwk.mp4/0604_0179_0001_Person0.mp4,,0.946,,,0,,,,,,,,,,,,,,,,
003/xp67EC-Hvwk.mp4/0665_0287_0001_Person0.mp4,,,,,,,,,,,,,,,,,,,,,,
003/xp67EC-Hvwk.mp4/0706_0123_0002_Person0.mp4,003/xp67EC-Hvwk.mp4/0706_0123_0002_Person0.mp4,,0.688,0,0,0,,,,,,,,,,,,,,,,
003/xp67EC-Hvwk.mp4/0882_0178_0001_Person0.mp4,003/xp67EC-Hvwk.mp4/0882_0178_0001_Person0.mp4,,0.903,1,1,0,sad,0,0,2,1,0,0,0,0,0,1,0,,,,
003/y7ncweROe9U.mp4/0073_0154_0002_Person1.mp4,003/y7ncweROe9U.mp4/0073_0154_0002_Person1.mp4,,0.786,,,1,,,,,,,,,,,,,,,,
003/y7ncweROe9U.mp4/0297_0247_0001_Person0.mp4,,,,,,,,,,,,,,,,,,,,,,
003/y7ncweROe9U.mp4/0599_0102_0002_Person0.mp4,003/y7ncweROe9U.mp4/0599_0102_0002_Person0.mp4,,0.839,0,0,0,,,,,,,,,,,,,,,,
003/yn9WN9lsHRE.mp4/0036_0163_0001_Person0.mp4,003/yn9WN9lsHRE.mp4/0036_0163_0001_Person0.mp4,,0.749,,,,,,,,,,,,,,,,,,,
003/yn9WN9lsHRE.mp4/0194_0245_0007_Person4.mp4,,,,,,,,,,,,,,,,,,,,,,
003/yn9WN9lsHRE.mp4/0194_0245_0007_Person6.mp4,,,,,,,,,,,,,,,,,,,,,,
003/yn9WN9lsHRE.mp4/0263_0154_0003_Person0.mp4,003/yn9WN9lsHRE.mp4/0263_0154_0003_Person0.mp4,,0.858,1,1,0,sad,0,0,1,1,0,0,0,0,0,0,0,,,,
003/yn9WN9lsHRE.mp4/0263_0154_0003_Person2.mp4,003/yn9WN9lsHRE.mp4/0263_0154_0003_Person2.mp4,,0.858,1,1,2,sad,4,0,0,0,0,0,0,0,0,0,0,,,,
003/yn9WN9lsHRE.mp4/0350_0215_0001_Person0.mp4,003/yn9WN9lsHRE.mp4/0350_0215_0001_Person0.mp4,,0.894,1,1,0,sad,0,0,1,1,0,0,0,0,1,0,0,,,,
003/yn9WN9lsHRE.mp4/0368_0105_0007_Person5.mp4,003/yn9WN9lsHRE.mp4/0368_0105_0007_Person5.mp4,,0.538,1,1,5,sad,1,1,1,3,0,0,0,0,0,0,0,,,,
003/yn9WN9lsHRE.mp4/0547_0258_0002_Person0.mp4,,,,,,,,,,,,,,,,,,,,,,
003/yn9WN9lsHRE.mp4/0703_0109_0002_Person0.mp4,003/yn9WN9lsHRE.mp4/0703_0109_0002_Person0.mp4,,0.523,1,1,0,sad,0,0,0,1,0,0,0,0,0,0,0,,,,
003/yn9WN9lsHRE.mp4/0703_0109_0002_Person1.mp4,003/yn9WN9lsHRE.mp4/0703_0109_0002_Person1.mp4,,0.523,1,1,1,sad,1,1,0,0,0,0,0,1,0,0,0,,,,
003/yo-Kg2YxlZs.mp4/0207_0123_0002_Person0.mp4,003/yo-Kg2YxlZs.mp4/0207_0123_0002_Person0.mp4,,0.605,1,1,0,sad,1,0,1,1,0,2,0,0,0,0,0,,,,
003/yo-Kg2YxlZs.mp4/0233_0179_0004_Person3.mp4,003/yo-Kg2YxlZs.mp4/0233_0179_0004_Person3.mp4,,0.831,1,1,3,sad,0,0,2,1,0,0,0,0,0,1,0,,,,
003/yo-Kg2YxlZs.mp4/0242_0119_0001_Person0.mp4,003/yo-Kg2YxlZs.mp4/0242_0119_0001_Person0.mp4,,0.426,1,1,0,sad,0,0,1,1,0,0,0,0,0,0,0,,,,
003/yo-Kg2YxlZs.mp4/0330_0182_0001_Person0.mp4,003/yo-Kg2YxlZs.mp4/0330_0182_0001_Person0.mp4,,0.658,1,1,0,sad,3,2,1,2,0,1,0,0,0,0,0,,,,
003/yo-Kg2YxlZs.mp4/0422_0224_0001_Person0.mp4,003/yo-Kg2YxlZs.mp4/0422_0224_0001_Person0.mp4,,0.614,1,1,0,sad,0,0,1,1,0,0,0,0,1,0,0,0.613 on line,,,
003/yo-Kg2YxlZs.mp4/0436_0110_0002_Person1.mp4,003/yo-Kg2YxlZs.mp4/0436_0110_0002_Person1.mp4,,0.324,0,0,1,,,,,,,,,,,,,,,,
003/yo-Kg2YxlZs.mp4/0442_0190_0003_Person2.mp4,003/yo-Kg2YxlZs.mp4/0442_0190_0003_Person2.mp4,,0.840,1,1,2,sad,1,0,1,0,0,0,0,0,0,0,0,,,,
003/yo-Kg2YxlZs.mp4/0503_0287_0001_Person0.mp4,,,,,,,,,,,,,,,,,,,,,,
003/yo-Kg2YxlZs.mp4/0663_0110_0002_Person1.mp4,003/yo-Kg2YxlZs.mp4/0663_0110_0002_Person1.mp4,,0.510,1,1,1,sad,2,2,2,2,0,1,1,1,1,1,1,,,,
003/yo-Kg2YxlZs.mp4/0670_0277_0002_Person0.mp4,003/yo-Kg2YxlZs.mp4/0670_0277_0002_Person0.mp4,,0.980,1,1,0,sad,2,0,1,1,0,0,0,0,0,0,0,,,,
003/yo-Kg2YxlZs.mp4/0700_0219_0002_Person0.mp4,003/yo-Kg2YxlZs.mp4/0700_0219_0002_Person0.mp4,,0.402,1,1,0,sad,2,0,3,3,0,0,0,0,0,0,0,,,,
003/yo-Kg2YxlZs.mp4/0755_0101_0001_Person0.mp4,003/yo-Kg2YxlZs.mp4/0755_0101_0001_Person0.mp4,,0.280,1,1,0,sad,1,0,1,1,0,0,0,0,0,0,0,,,,
003/YYWdB7h1INo.mp4/0030_0126_0002_Person1.mp4,003/YYWdB7h1INo.mp4/0030_0126_0002_Person1.mp4,,1.350,1,1,1,sad,1,0,0,1,0,0,0,0,0,0,0,,,,
003/YYWdB7h1INo.mp4/0058_0185_0003_Person2.mp4,003/YYWdB7h1INo.mp4/0058_0185_0003_Person2.mp4,,1.020,1,1,2,sad,1,1,1,1,0,0,0,0,0,1,0,,,,
003/YYWdB7h1INo.mp4/0143_0112_0001_Person0.mp4,003/YYWdB7h1INo.mp4/0143_0112_0001_Person0.mp4,,1.370,1,1,0,sad,1,0,0,1,0,0,0,0,0,0,0,,,,
003/YYWdB7h1INo.mp4/0571_0165_0002_Person0.mp4,003/YYWdB7h1INo.mp4/0571_0165_0002_Person0.mp4,,1.760,1,1,0,sad,0,1,2,2,0,1,0,1,1,0,0,,,,